day,sentiment_mean,sentiment_std,subjectivity_mean,subjectivity_std,counting
2025-01-17,1.2990904055101997,1.0,-0.6416385013232931,1.0,1.0
2025-01-18,0.3384638339909117,1.0,-0.31851148766262355,1.0,1.0
2025-01-19,-0.14475576918408467,0.5615148091911755,-0.076476983931728,0.4677325770702584,4.0
2025-01-20,-0.26729032686023607,0.6219943946631165,-1.32358954106038,0.8718382799827745,2.0
2025-01-22,0.17059132625789136,1.0,-0.7281761483822897,1.0,1.0
2025-01-23,-1.362509227958669,0.7167894790453558,-0.1034765180944584,0.8155741510990457,4.0
2025-01-24,0.5736323545600024,1.0,0.014800094944580943,1.0,1.0
2025-01-26,1.3431118984956123,1.0,1.4667987710016,1.0,1.0
2025-01-27,0.7129147589191126,1.6005825413430448,-0.5870596409798965,0.5648674836719066,4.0
2025-01-28,0.11905846227438911,0.8558115223756031,0.25007792716258986,0.9994892231060312,13.0
2025-01-29,-0.10287072179605346,1.0,0.8052688321693382,1.0,1.0
2025-01-30,0.00481216778372924,0.398858381648614,0.08705262153332469,0.340828496417708,4.0
2025-02-01,0.26439089290798445,1.0,-0.09137735228779924,1.0,1.0
2025-02-02,-0.5544351069788471,1.575241987925082,-0.37412519057227933,1.0791837017584087,3.0
2025-02-03,0.31090014487709233,0.6682828272700606,-0.14128535517215232,0.21179895590472106,3.0
2025-02-04,1.1558831561120988,1.2046260337242518,0.4249720635366294,1.3479255723701902,4.0
2025-02-05,-0.37706103477543235,0.475295293703321,-0.2983207643930779,0.26136820836504987,7.0
2025-02-06,0.30301593838633606,1.489497672940171,-0.40011127026300164,1.2242769813571748,3.0
2025-02-07,-0.008041758483151026,0.9205365094624264,-0.025614113308595553,1.1916171169727545,5.0
2025-02-08,-0.6173055909855145,1.0,0.3043512430504583,1.0,1.0
2025-02-09,-1.5735472812419218,1.0,-1.0918837155278476,1.0,1.0
2025-02-10,-0.5078149064442988,0.687264579981104,0.22579815958600497,0.4508460725387284,4.0
2025-02-11,-0.06699246364212928,0.752231621706712,-0.031038721669925128,0.3926676760051694,5.0
2025-02-12,-0.02849755487954472,0.9668008931694849,-0.046582940497257065,0.6337343242604475,21.0
2025-02-13,0.12438758128672865,0.6475124879354036,0.2813401433537388,0.6960555019919612,9.0
2025-02-14,0.2997450203905939,1.0181825627011878,1.5826892387735088,0.20851079744321513,2.0
2025-02-16,0.7991901418880555,0.45565693280442915,0.29844339137275755,0.4236347632077441,2.0
2025-02-17,-1.0593140737387405,1.0696722247727293,-0.1275641152538709,1.7059140034342395,4.0
2025-02-18,-1.607984385362781,1.7936208321689517,0.5656302080579508,2.5129283090102965,3.0
2025-02-19,-0.767457482969213,0.6233208208044577,0.08245567101705015,0.3817738155803595,2.0
2025-02-20,0.10785535080960536,0.4587793418813526,-0.24272061886982174,0.7305569972526307,6.0
2025-02-21,-0.8430160647198788,0.6859364092183119,0.6401241029727534,0.7896411453344316,4.0
2025-02-22,-0.07500000000000001,1.0,0.4666666666666667,1.0,1.0
2025-02-23,0.3279484016549183,0.940096565911849,-0.7287671212586786,0.36547370623155717,3.0
2025-02-24,0.594867824704428,0.56256595321967,-0.030348340115384637,1.4008358509626988,3.0
2025-02-25,-0.7940893785002527,0.497632460925776,-0.7009913090756756,0.5941471061351044,2.0
2025-02-26,0.4522331369940429,1.1720392397075863,0.23257851080106484,1.1471733630945233,3.0
2025-02-27,-0.527705686366958,0.8746061933472665,0.8926301417407296,1.1865324710574252,5.0
2025-02-28,-0.39056154108209945,0.9911547723618773,0.07400231732914134,0.25538596503001687,4.0
2025-03-01,-0.12644554017096943,0.7074750477893006,0.5222604419571861,0.8353925184573311,4.0
2025-03-02,-0.58187509069568,0.35079103999406064,0.4148015484460505,0.6461384174207337,2.0
2025-03-03,3.234598411752783,1.0,2.611819023560704,1.0,1.0
2025-03-04,0.027515562497330302,0.13524489963219327,-0.5047274661994703,1.4274464941990328,2.0
2025-03-05,0.8387609675099417,0.7981591427136452,0.8380875979892912,1.034397848260116,3.0
2025-03-06,0.5195913493303401,0.6283929914026644,0.580816250915126,1.0543320300284282,3.0
2025-03-07,-1.0476841100136476,0.8562695695783826,0.2831248382037249,1.9858975085679909,2.0
2025-03-08,-0.1912481711036954,0.3752892826040573,-0.7875557261970499,1.0774571896716967,3.0
2025-03-09,0.20625,1.0,0.4195833333333333,1.0,1.0
2025-03-10,-0.3215886691192596,1.042020452593789,-0.11044826072898412,0.6691588990725665,12.0
2025-03-11,0.05903096322464841,0.4443796550809729,0.37463342424854557,0.6824402525307648,8.0
2025-03-12,0.20276753631128924,0.8064188759423132,0.4637070079919213,1.1466962135133405,4.0
2025-03-13,-0.5927406804220129,1.0570249883893523,-0.4319489532272044,0.6345219040787766,10.0
2025-03-14,-0.1838436822941444,1.0766846219658814,-0.04436445883447171,0.7379432663720632,5.0
2025-03-15,-0.17825364938462734,0.7311102810954448,-0.08644145600311864,0.8572049276793478,5.0
2025-03-16,1.001643295377975,0.416537532983612,0.42599948042782176,0.3975457572150855,2.0
2025-03-17,0.21939702079098838,0.8582951092539015,-0.4346175806458372,0.6364295327484445,4.0
2025-03-18,0.790400422439564,0.7288862674668538,0.8215768964851843,0.6113520527607892,2.0
2025-03-19,1.5302517501305435,2.1294902507379336,0.6684969654345227,1.2846108203560826,4.0
2025-03-20,0.6868294890772023,0.45957606173447196,0.6709432532454299,0.6791914330108856,9.0
2025-03-21,0.3639792183904353,1.0987744100060888,0.23162348877344394,1.0677970806089916,17.0
2025-03-22,-1.1517447000367502,0.25667862225918225,0.08376415746128318,0.3802349566381471,2.0
2025-03-24,0.011312440659496104,0.7289525146527299,-0.373582712588158,0.19370392944241818,2.0
2025-03-25,-0.38827210801978146,0.15537623833883593,-1.2837528364696151,0.18419898674265664,2.0
2025-03-26,0.3092235699131171,0.37760080576433946,0.2951898920357382,0.4410206033096338,8.0
2025-03-27,0.34249856537408246,0.42277747914917163,-0.17172778745813144,0.951824562125606,8.0
2025-03-28,0.20350833034891358,0.7611571658486133,0.6723091374999766,1.5927684609216481,2.0
2025-03-29,0.0375,0.06481812160876685,0.26055555555555554,0.21134636015464586,2.0
2025-03-30,0.24266865164708581,0.6097544134980517,-0.8088538460808372,1.4994038001644339,4.0
2025-03-31,1.0214518944855164,1.0,0.16776481729747378,1.0,1.0
2025-04-01,0.09041711737545238,1.0161792801127614,-0.4196939329527481,0.7523578363870715,22.0
2025-04-02,-0.3080495719226931,0.4278928382382912,-0.030716371981890922,0.8035062930522539,4.0
2025-04-03,0.36413638180759983,0.13146108971841555,0.23587626855207752,0.2577655227593389,3.0
2025-04-04,-0.24737428146097246,0.8717511800341324,-0.007901400284737264,1.4308099197462525,4.0
2025-04-05,0.13458151419542125,1.0,-0.1332501359721729,1.0,1.0
2025-04-06,-1.4869885937918053,1.0,0.35206384170955657,1.0,1.0
2025-04-07,0.2907939864049144,0.4243039952722574,0.5495547826706696,0.2802800996712416,6.0
2025-04-08,-0.027176660828515962,0.7654166240296394,-0.4378622055554632,0.6870363600313162,10.0
2025-04-09,0.33987661539302516,0.6024639682852077,0.04590006851478325,0.43341421371384753,5.0
2025-04-10,0.33006493748747706,1.1254148240262245,0.6234485799769317,0.30801876787962185,3.0
2025-04-11,0.6548411474315315,0.8560638052364592,0.5694993235613766,0.6531205733535153,4.0
2025-04-13,-0.34112824432225786,1.0,0.26420073317676135,1.0,1.0
2025-04-14,0.19977234611974745,1.0,0.6003373373765479,1.0,1.0
2025-04-15,0.25246435242147686,0.7306779595896781,-0.20634358276613715,0.34621595909611264,6.0
2025-04-16,-0.6919699613711494,1.142085721198711,0.6118618423602082,1.8303841888929617,2.0
2025-04-17,-0.18545475825814556,0.5933212566313675,-0.5208923598628596,1.5380142446087357,7.0
2025-04-18,0.6867884621761625,0.5583352105648277,-0.5041440858272952,0.1310893465463722,2.0
2025-04-20,0.9534705077061014,1.0,0.5013557140086065,1.0,1.0
2025-04-21,0.15096504702433525,0.3143973820215703,0.37054577285882795,0.02567538309135644,3.0
2025-04-22,0.6260877844268505,0.4550007308802227,0.5732374889104781,0.483040148610559,4.0
2025-04-23,-0.7473792484414827,0.9203536957438454,-0.4682275781444758,1.6596484112290535,2.0
2025-04-24,0.048031042838095686,1.0,0.07080308882760272,1.0,1.0
2025-04-25,-0.055881319846257785,0.3949085466978751,-0.11873489064087386,0.664233775653539,4.0
2025-04-26,-0.6639363419707847,1.1090877939683146,-0.4752380598024091,0.23420095978558927,2.0
2025-04-27,0.5754220175670932,0.590932745620528,0.13821687320236356,0.34606882708994274,2.0
2025-04-28,-0.14166822206326365,0.0066739294397596596,-0.17748372040011767,0.5111087145127535,2.0
2025-04-29,-0.47993064964219173,0.7100435709356138,-0.5622957525533239,1.158606017237703,9.0
2025-04-30,-0.264226904584572,0.7506272495857136,0.6956921511724563,0.8305214247035387,5.0
2025-05-01,0.0973862545592824,0.6044242032109296,-0.47644650149388806,0.9805470119712739,6.0
2025-05-02,0.9434822427822448,0.3477706888450814,1.286686874364687,0.7144706890696029,3.0
2025-05-03,-0.07369395161562098,0.5211605220460257,-0.5365033556708694,0.8267682006871749,2.0
2025-05-04,-0.1387231556785769,0.7263140937605701,0.35521626691203956,0.2355103924556174,2.0
2025-05-05,-0.20804103250300093,0.5784856607183164,-0.029596411447376986,0.4970705170485017,2.0
2025-05-06,1.0994168785647953,1.0,-0.034839652416834704,1.0,1.0
2025-05-07,-0.3137810678116693,0.5211590674048304,-0.19132352911924966,0.5447652650162859,6.0
2025-05-08,-0.28971284309388606,1.3214229789199845,-0.05407186697630739,1.3559681124357532,5.0
2025-05-09,-0.11757471168187153,0.6155151911467883,0.030661447243250217,0.858187211065936,5.0
2025-05-10,0.36793276314293105,0.27656110955083624,0.31845738041129895,1.6533256273274846,3.0
2025-05-11,-0.08676991030695169,0.7443521771406009,-0.22348962984370782,0.7228606397408652,3.0
2025-05-12,0.31440346913489253,0.7724594825282154,0.38800282103643785,0.9451535372290305,10.0
2025-05-13,-0.10365861484882526,0.5402455981957778,-0.23785422979751175,0.5387850034916251,5.0
2025-05-14,0.08883854864358869,0.5394928045445623,-0.8638333398092284,0.5652139584488647,6.0
2025-05-15,1.1395005628078168,0.3603817372838032,0.6528798827286973,0.3438401459677309,7.0
2025-05-16,0.1047752635134952,0.8761422424785318,0.6111421508290478,0.5382749324679879,7.0
2025-05-17,0.06370224333579332,1.1584539044491358,0.2486301121750091,1.0986532465436294,6.0
2025-05-18,-0.6033361967337892,0.6969074475993604,-0.9960214533023389,1.230369260628788,3.0
2025-05-19,0.062223944115523656,1.0828935516215321,-0.15924324516044902,0.968730231457624,12.0
2025-05-20,-0.3536265234833874,0.9569288267570606,0.2807635372316581,0.4151744923226311,5.0
2025-05-21,0.05755964645964644,1.508416505576058,0.8238192487002214,0.46393153046431274,5.0
2025-05-24,-0.03348467287796948,1.534895758190871,0.21017004014423585,1.4020742299678048,5.0
2025-05-26,0.08985877527882614,1.2538756738180714,-0.21040269920024807,1.3050772394306127,9.0
2025-05-27,0.04422007776887933,0.8278615240109093,0.20676041191340402,1.0944257691644506,5.0
2025-05-28,0.138267158907603,1.0883498974254986,0.4825918435939519,0.7655153620948136,7.0
2025-05-29,0.7995993843142215,1.0,1.3283670024760725,1.0,1.0
2025-05-30,0.5132627637146914,0.5054655594601046,0.6147971396474093,0.862583501570794,7.0
2025-06-01,-0.7951604639691787,1.0,-1.2361099675864264,1.0,1.0
2025-06-02,-0.07084961125220521,0.8791714973574926,0.2973401455910725,0.6532366598622602,31.0
2025-06-03,0.1705299458166071,0.8239433734315372,0.46736699553061145,0.563635613401006,10.0
2025-06-04,0.2253176307206494,1.144108202969434,0.16032685587224985,1.1608030820460338,5.0
2025-06-05,2.499236711234009,1.0,1.7080556240937763,1.0,1.0
2025-06-06,0.4877892731654436,1.0779345684740753,0.21461555898839857,0.5856631447540909,9.0
2025-06-07,0.8009662943012893,0.7532139094785866,-0.031475653763818036,0.696741245280557,3.0
2025-06-08,-2.21054853222199,1.0,-1.2949570446793883,1.0,1.0
2025-06-09,0.17550006294835876,0.3422884910136184,-0.8348617758205205,1.2487581369187897,5.0
2025-06-10,0.027075703159934662,1.0736276396811992,0.013758799352041296,1.0526678215369711,5.0
2025-06-11,-0.0001705539212837707,1.4538540265040536,-0.5656676898223137,0.3036913408931323,3.0
2025-06-12,0.4611606062399583,0.5092019385085041,0.07938588944135354,0.5663293962928164,6.0
2025-06-13,0.5208098293707321,1.0,0.2523153481327534,1.0,1.0
2025-06-14,0.250564540120067,0.0007983802943024872,0.13360966029405918,0.4827988484752996,2.0
2025-06-15,0.01318949722831612,1.0186192935756855,0.7091656681662467,1.2960192555932393,3.0
2025-06-16,0.45304731311402274,1.056890643268465,0.261165031386158,0.7509555246480295,4.0
2025-06-17,0.11641197430695235,0.8517159634769089,0.5938194966199084,0.7858123902938249,16.0
2025-06-18,0.37081317704161537,0.7802481568322928,0.08581079646251075,1.1913198492097015,18.0
2025-06-19,-0.42065795368509756,0.902286782041362,-0.009967002813232012,0.7079555109637481,5.0
2025-06-20,0.49363310910686337,1.2933061111319897,0.04284998045846651,1.139689979441174,8.0
2025-06-21,-0.6302899650790993,0.29084325183088355,-0.47954097930517076,0.8518467682853132,3.0
2025-06-22,0.5650559453125917,0.3209581166749104,0.2520455448731626,0.5642025533742784,3.0
2025-06-23,-0.13938913152372834,1.1741749547380664,-0.5367761250304178,0.4483840383625372,14.0
2025-06-24,-0.4444337731030302,0.7109304890851136,-0.31793798442855237,0.6441038624927241,17.0
2025-06-25,-1.0540682237335826,0.8946188947661861,-0.03957008268694171,1.0440880148762022,11.0
2025-06-26,-0.09775437115354273,0.9993094320756017,-0.5775869609996741,0.9775270951690626,6.0
2025-06-27,-0.7089604198682132,0.26768196192622684,-0.8140715486722421,0.26995407395688475,3.0
2025-06-30,1.2044794831746204,0.703391220705684,0.980487429935601,0.38661862115126655,2.0
2025-07-01,0.9573451067336285,2.353890433814216,0.7753465333298921,0.09650558297409649,2.0
2025-07-02,0.2147739163547724,1.1881520524925258,1.2823083549149876,0.5402747949757386,2.0
2025-07-03,-0.8157537812044267,0.8031077890037255,-0.46100755357717393,0.5279228634186889,4.0
2025-07-04,-0.27372075275118923,0.4999079964079183,-0.9293824570085711,0.8513402268869429,4.0
2025-07-05,-0.37738522103666833,0.30460338252584235,-0.7152491101331786,1.1223880456818147,3.0
2025-07-06,-1.4646347379635827,1.1442156116309896,-0.08479795803395446,0.5275499299588736,3.0
2025-07-07,0.7755223463614321,0.8197647455511783,0.6428341857527807,1.1577052496327742,15.0
2025-07-08,-0.1955067621496704,0.7425231243716272,0.083853669114539,0.972166974130202,14.0
2025-07-09,0.3138922282659501,1.1830848198534738,0.3771018623003665,0.8663791852226203,10.0
2025-07-10,0.0342014693981539,1.1637002409710808,-0.06458633889137318,0.7145928430664946,5.0
2025-07-11,-0.19600028142741616,1.5185925139534806,-0.3438399683768779,0.8509118786463835,5.0
2025-07-12,0.2559157727025042,1.0709303050309433,-0.12831304784710387,0.5033141767122736,3.0
2025-07-13,0.5773502691896257,1.0,-1.1042686641847725,1.0,1.0
2025-07-14,-0.2864893755711169,1.0,-0.895675514748623,1.0,1.0
2025-07-15,-0.5057330128868905,0.6687470894783324,0.12807258845518765,1.1233630192488582,4.0
2025-07-16,0.1145087163626432,0.6681811092514687,-0.33626724918455775,0.6829011925593481,24.0
2025-07-17,-0.23800402548657368,1.4169170170719068,0.14495903385033265,0.6319383870822223,5.0
2025-07-18,-0.040711142136707595,1.1469282258596667,-0.07273049114726887,0.9238801315866009,4.0
2025-07-19,-0.7420869607412629,0.3030509080734291,0.3324781649891701,0.9383556773924121,3.0
2025-07-20,1.5485872622341335,1.0,1.0611433527167893,1.0,1.0
2025-07-21,-0.9309013209088917,0.31649327326038346,-0.022755538202513692,1.0321811907450928,2.0
2025-07-22,0.27311788660045566,0.22275460228419647,-1.3142952778968175,0.7858859127287368,2.0
2025-07-23,0.07132771404241346,0.3556748547130081,0.592032628753316,0.4609656379277947,2.0
2025-07-25,-0.4273536163873832,1.0,-0.4345786124994716,1.0,1.0
2025-07-26,-0.1432413699957262,1.0,-1.0926516472977157,1.0,1.0
2025-07-27,0.500254925209046,0.7536624389730218,-0.4527283958736854,0.5215788206218198,5.0
2025-07-28,0.6690723937210618,0.43381101271202055,-0.034264434241510634,0.6007717051026781,3.0
2025-07-29,0.785450157037532,1.0125888120598159,0.5580983808951133,0.5221376486287918,3.0
2025-07-30,0.4856154071587348,0.6424388252689978,0.647878591597598,0.5150597850851684,13.0
2025-07-31,1.35946410706743,0.46211682983871516,0.7441634213536108,0.12419218896722968,2.0
2025-08-01,0.6222739269612513,1.0188569948440565,-0.22492261724328869,0.7990119750291427,3.0
2025-08-02,0.2512598713309924,0.9492038554074462,0.29565972895323744,0.6497245200336066,10.0
2025-08-03,0.2240658317251316,0.6412402923791435,0.3567049920970956,0.9561863389594042,39.0
2025-08-04,0.11661942583010267,0.3569030451553229,0.3330240672165663,1.083689989633392,17.0
2025-08-05,0.07737854763202137,0.6098534389723923,0.13288499948951615,0.8250311058711813,4.0
2025-08-06,-0.36034290635167604,1.2230547603876012,0.012736979123434744,0.44086889936148715,5.0
2025-08-07,0.481949695345365,0.3184202044610035,0.44754402086793,0.367077175929586,2.0
2025-08-08,0.6908045866607514,1.2752819913761226,-0.13480967093134158,0.4671264496671832,5.0
2025-08-09,0.4898185292863476,1.0,-1.3819116700361416,1.0,1.0
2025-08-10,0.11101583074371832,1.2179146462989514,0.30486602275413344,1.0189834012114978,4.0
2025-08-12,0.09674596833615409,1.0,-0.7915919969651714,1.0,1.0
2025-08-13,-0.1997786229700213,1.0,0.6032835480791318,1.0,1.0
2025-08-14,-0.442210090841087,1.0,-0.9246464526142306,1.0,1.0
2025-08-15,0.9231508156444487,1.0,1.098311876863207,1.0,1.0
2025-08-16,-0.37416770378026054,1.0,-0.14098560330665943,1.0,1.0
2025-08-17,0.8634910467393441,0.07021065904253888,-0.22399395950240655,0.06956728848946302,3.0
2025-08-18,-0.011017977157751912,0.705951925963626,0.39802815519735885,1.2098710605304503,6.0
2025-08-19,0.5780813131533739,0.8925642248656595,0.09952678336894571,1.0456926378333322,8.0
2025-08-20,0.28307051836335,0.9240117514970735,0.49622358744071793,0.9160241615238316,8.0
2025-08-21,0.3105122246709014,1.307585121673916,-0.13495142955160694,0.9362816737771327,5.0
2025-08-22,0.21042528383738357,1.0,1.816772907382609,1.0,1.0
2025-08-23,0.003323109834229593,0.42327085741338455,-0.7482808846789902,0.8940676916438173,8.0
2025-08-24,0.7071067811865476,1.0,-0.7071067811865475,1.0,1.0
2025-08-27,-0.3700741673143203,0.46499897625259323,1.0876950810627455,0.030263519351525568,2.0
2025-08-28,0.20830422729070552,0.43131023089179965,-0.3402830882484491,1.514528677664134,4.0
2025-08-29,-1.189337883657163,0.5767563778623653,0.8305036161967037,1.2240058154251752,4.0
2025-08-30,-0.8024374734400315,0.11304197414192323,-0.5123627142765002,0.22700615291481388,2.0
2025-08-31,-0.442210090841087,1.0,-1.1211167568461713,1.0,1.0
2025-09-01,-1.2578414154296333,1.0,0.6808083172286956,1.0,1.0
2025-09-02,-1.223993997665427,1.3020724574102522,-0.7031103212629876,1.036052977579359,4.0
2025-09-03,-0.2594602847361482,0.8952744335927536,-0.008378354760661613,1.1470446025789118,13.0
2025-09-04,0.7911518013571982,0.8845234573282379,0.7001777338930646,0.2996063539487809,3.0
2025-09-05,0.027777777777777776,1.0,0.8722222222222222,1.0,1.0
2025-09-06,-0.14507331224083186,0.582924335551853,0.05000530537941279,0.7427211807790076,8.0
2025-09-07,0.5346209330487869,1.0,0.45362862095378026,1.0,1.0
2025-09-08,0.4306291764161234,0.0,-1.1684583077865236,0.0,2.0
2025-09-09,-0.2690001283549846,0.43614708979314987,-0.6144276332884374,0.34084198531738963,3.0
2025-09-11,-0.8945035347365696,1.0698009756172233,0.2120145140538804,1.4917723276709849,2.0
2025-09-12,-0.5883800083066462,1.0,0.15682916351581197,1.0,1.0
2025-09-13,-0.822647525442812,1.0,0.38327659181716356,1.0,1.0
2025-09-14,0.5248436655264328,1.252775590991604,0.09946452281174671,1.442587390309237,3.0
2025-09-15,-0.46201064616201387,0.855871390921043,0.580713992763988,0.2877093968040865,2.0
2025-09-16,0.033490235591362584,1.6593153932708966,0.28182745207070464,0.8582386316789135,3.0
2025-09-17,0.011647720225567027,0.7806940220300953,0.6123845742430233,1.432323667423453,5.0
2025-09-18,0.505106478509046,1.0,0.7443367468821521,1.0,1.0
2025-09-19,-0.08623045222671455,1.057014131831856,-0.2868045400605502,1.0126714416349905,6.0
2025-09-20,-0.5070865412944014,1.0,-1.8873106686804326,1.0,1.0
2025-09-21,0.35000000000000003,1.0,0.5125,1.0,1.0
2025-09-22,1.3294589219541275,1.0,0.08677370168930959,1.1227165457863388,2.0
2025-09-23,0.48246279323915,1.0,1.1873236078877205,1.0,1.0
2025-09-24,-0.4552444045141246,1.203428519570008,0.20776609517181333,0.5819542653702757,4.0
2025-09-27,-0.140016565420143,0.8070149474153039,-1.0984585608836026,1.350108637825604,2.0
2025-09-28,-0.23077127774001963,0.5733549088829198,-1.0631908212313095,1.120964116498435,2.0
2025-09-30,0.5173416838026966,1.0,-0.10938305749890007,1.0,1.0
2025-10-01,-0.4055967969749911,0.40770246914353714,-0.2956830630910523,0.6047629983361248,3.0
2025-10-02,-0.2211050454205435,0.3126897539428518,-0.5272250450897523,0.8398897133469005,2.0
2025-10-03,0.3082956611495759,0.46402621777657593,0.6705344423105902,0.3109846674305488,3.0
2025-10-04,-0.4996049640300066,1.0,-0.4476212331237924,1.0,1.0
2025-10-05,-0.8886470497113301,1.0,0.6556797086684717,1.0,1.0
2025-10-06,1.0034559120290956,0.19471984194735195,0.33441216954005115,0.9412833367869434,2.0
2025-10-08,0.9792346587690239,1.0,0.30078902301140653,1.0,1.0
2025-10-09,1.2854425597141403,1.0,1.630852798460739,1.0,1.0
2025-10-10,0.5688679788013354,0.195499189179381,1.8186656767958884,1.571981665547189,2.0
2025-10-11,0.8567539973434848,0.6930742826543118,0.459069193791509,0.4033212287488251,2.0
2025-10-12,-0.8486897372318315,1.327507757253693,-0.7158256020868194,1.4790207503481878,2.0
2025-10-13,0.8212154497499227,1.7599579579844162,-0.40528355122524706,0.9637598915939775,3.0
2025-10-14,-0.5351407370820436,0.13480751131604315,-0.9643693061130821,0.6005311968921037,3.0
2025-10-15,0.21039076822470307,0.7121934582655092,0.5920419441223861,1.0320173715078262,13.0
2025-10-16,-0.16078235203978014,0.4471502391281349,-0.24195009623124167,1.0464312578298691,5.0
2025-10-17,-0.4201803457343228,0.5546322822050884,0.018891087095293746,0.7603902402612307,6.0
2025-10-18,0.5904783149790582,0.9517497572745134,0.3282840796060587,1.2741266730978622,4.0
2025-10-19,-0.006875126739732273,0.27826076841231673,0.0914821247054574,0.6314476806460133,5.0
2025-10-20,0.19211396666054642,0.9461009747055305,-0.3414196337354363,1.0919839567994518,11.0
2025-10-21,-0.06693192563220145,1.3127250869487284,0.08601581849841007,0.7771835029091034,6.0
2025-10-22,0.11797251008234516,0.7951586628396926,-0.15276529909211753,1.0101797775626402,15.0
2025-10-23,-0.07122216139853314,0.9497252719963876,0.5882304049087509,0.3224426735537807,7.0
2025-10-24,-0.12120315050941717,1.0,1.3987267632921925,1.0,1.0
2025-10-25,0.18613757975218234,0.09031510084043388,0.19230944674225042,0.31728902323343267,2.0
2025-10-26,0.37583333333333335,1.0,0.6666666666666667,1.0,1.0
2025-10-27,1.2160938025911099,1.8853953908617633,0.6272516955559272,0.5151027950229499,3.0
2025-10-28,0.17059132625789128,1.0,-0.1106980493676185,1.0,1.0
2025-10-29,0.3284127262678764,0.46511279663258775,0.8427654329039429,0.3468498739391907,4.0
2025-10-30,-0.15496969235487615,0.5155048126171932,-0.31833215497241857,0.36579518786312604,3.0
2025-10-31,-0.17296028550598172,0.49177800047667347,-1.2614754233425463,0.534028557301746,4.0
2025-11-01,0.8226475254428123,1.0,0.29871676820282544,1.0,1.0
2025-11-03,-0.7442788372328267,2.4394775193357234,0.08220133680805634,1.1374246325650665,3.0
2025-11-04,-0.6608145974423536,1.1638243379410222,0.0005942327079020057,1.0378339748330367,6.0
2025-11-05,0.04118658439596481,0.7548053154803906,0.28244739191735785,0.49102036268196547,3.0
2025-11-06,-0.19434743687326905,0.7609107477873311,0.14038893820328013,0.7301914852617921,4.0
2025-11-07,0.7671125874531816,0.926884428488475,0.05864897673163379,0.7702197185829537,4.0
2025-11-08,-0.45260414468275656,0.945355307337556,-0.22468695551273155,0.9706608969946807,4.0
2025-11-09,0.5476628862275783,1.0,1.2133631162692804,1.0,1.0
2025-11-10,-0.2050700169437551,0.7288087951239006,-0.5619449861308379,0.9579181217721472,10.0
2025-11-11,0.48090592582061836,0.7976970966503527,-0.22980883559639612,1.2461857695980658,7.0
2025-11-12,-0.027279570807382598,1.141264084479731,-0.46658652404224266,0.4863884457571214,3.0
2025-11-13,0.12840120037424452,1.17773103704257,-0.26699933863421427,1.3567876276359987,6.0
2025-11-14,0.15868118254988264,0.8152481637833296,0.2550027681876331,0.3606283732136332,2.0
2025-11-15,-1.5762979515703115,1.0,1.1780021299356072,1.0,1.0
2025-11-16,-0.3155267468621518,0.8466845921352091,-0.70072878606054,0.6418450649970997,3.0
2025-11-18,-0.15048390027011838,1.3875851275092745,0.6805474169367112,1.3240329659785455,2.0
2025-11-19,0.21212155884254216,1.2845464249652518,-0.3192118300089689,1.260371530061079,11.0
2025-11-20,0.17196102278126715,1.1957109612765846,0.08222539467251427,0.8608735144814136,12.0
2025-11-21,0.12416869729949152,1.7202147035222923,0.6833287869408459,0.8162889563206402,3.0
2025-11-22,1.0603309801783392,1.0737071532744953,0.6328748392434743,0.27121081623924215,2.0
2025-11-23,-0.6569324088757238,1.1114047768790156,0.10238592635115557,0.43417716170396853,3.0
2025-11-24,0.10542908566423537,0.9136018870805134,-0.03066206694926611,0.9849602828924887,25.0
2025-11-25,-0.059964087485179535,0.8455805977622971,-0.2883556647869728,1.1215437706766536,27.0
2025-11-26,0.0021327196250023237,0.7062539397798223,-0.21308736495592825,0.8188372430410187,14.0
2025-11-27,-0.8086477047309999,1.3751342076476654,-0.9178561596137793,0.8908658959366742,2.0
2025-11-28,0.43518654052351224,0.9926851140559161,0.5708596571271758,0.6285871055160346,4.0
2025-11-29,0.8550790183084189,0.3714721290103429,-0.04899107437031534,0.24837511793541264,2.0
2025-12-01,0.08037496491541102,0.7645607571260326,-0.36452643254751993,1.1881383106156158,2.0
2025-12-02,0.5313196214636019,1.0,0.2822246177263437,1.0,1.0
2025-12-03,-0.19314194683605723,1.0,-0.44061536041711397,1.0,1.0
2025-12-04,-0.6893865146258247,0.5316631256054726,-0.24237027143369774,0.39589562191170197,9.0
2025-12-05,0.050735840881526245,0.36777020306664576,0.1551770967871685,0.5373268192797577,2.0
2025-12-06,-0.06811702315348755,1.0,-0.02116583903806876,1.0,1.0
2025-12-07,-0.8215150541487448,0.7683524181355732,-0.510765802899107,0.21178285492051466,4.0
2025-12-08,0.13515270541245816,0.8093947176907283,-0.3824564179898535,1.5582024269477341,6.0
2025-12-09,-0.3824530270721681,0.754323773916544,0.1392901606601212,0.8180511358456913,5.0
2025-12-10,0.036843887255251784,0.4254941663176603,-1.0066869824538611,0.24815464281178878,3.0
2025-12-11,-0.062256773072762686,0.3683395637685028,0.09180012973083645,0.5813332453544763,2.0
2025-12-12,-0.06567707225517878,1.0,-0.3604013590140424,1.0,1.0
2025-12-14,-0.07101922193854339,1.0,0.15163410203606398,1.0,1.0
2025-12-15,0.08288271338143458,0.3647012307655984,0.1715345946191934,0.21703285764462166,2.0
2025-12-16,-0.4440688163041838,1.0,0.9308202180465353,1.0,1.0
2025-12-17,-0.24273862293711446,0.08194836084142892,0.4301426424518501,0.009443805123716337,2.0
2025-12-18,-1.2300564876172488,1.0,-0.6758400166933279,1.0,1.0
2025-12-20,0.347917920870495,1.0,-0.4198968413957196,1.0,1.0
2025-12-22,-0.04582037196048514,2.029491009227643,0.8302239516432899,0.4272515089750328,5.0
2025-12-23,0.8739065565191474,1.4869835203981814,0.6669766719427415,0.6644365917528561,2.0
2025-12-24,-0.20449458269576226,0.6654932350358398,-0.6887438203819657,0.8441177526257754,3.0
2025-12-26,0.7739513960543848,0.34424840675065627,0.27830701069228375,0.6226821966762152,3.0
2025-12-28,0.15029115163980428,1.0,0.3958909071508201,1.0,1.0
2025-12-29,-1.1685643006343265,2.4324984958095652,1.1823541380318636,0.8755863459445065,3.0
2025-12-30,0.4146093447747897,0.604055305990292,0.6056878155035381,0.28597634012499035,5.0
2025-12-31,-0.04737386370961446,0.8470211944623195,-0.3829696496504436,0.9919346953928136,6.0
2026-01-02,1.009899690031854,1.0,-0.3930799213816264,1.0,1.0
2026-01-03,-0.8153376964161285,1.0,-0.9745807307741476,1.0,1.0
2026-01-04,0.3533000761426626,0.12375705350316255,0.23412165843090305,0.5924048670942963,3.0
2026-01-05,0.7071067811865475,1.0,-0.7071067811865483,1.0,1.0
2026-01-06,-0.4401750651014872,0.961912801854526,0.2584975427067999,0.08697760922331563,2.0
2026-01-07,-0.06905891038749419,0.5102357149014801,0.03275273062181867,1.2182982178887682,6.0
2026-01-08,0.6091811978515226,1.234582589272385,0.05878471361931716,0.6546547056868168,7.0
2026-01-09,-0.9022322637143305,0.6505695958696817,-0.5158747410830806,0.6336606921314905,2.0
2026-01-11,-0.30935722809025923,0.0358557374298839,0.17797607048634556,0.8936759332214833,2.0
2026-01-12,0.16439339045827672,1.8761811010465326,0.4032455550825473,0.49327628261350387,2.0
2026-01-13,0.3537876909811004,0.32510092100170973,0.37737376801428435,0.34598232124715195,2.0
2026-01-14,-0.7843101901703016,0.9372405380193345,-0.5460846426282282,0.483879499771496,5.0
2026-01-15,-1.5456051736362182,0.5436468096256913,0.13585949935784078,1.2269455895653845,3.0
2026-01-16,0.8150832112976855,1.0,1.6272900243379838,1.0,1.0
2026-01-17,-0.7071067811865475,1.0,-0.7071067811865472,1.0,1.0
2026-01-19,0.6998450671200233,1.3080065244677466,0.06981569083426924,0.21237774282049798,2.0
2026-01-20,-0.39759494706554754,0.9863495295543969,-0.6714570200945135,0.5561468639019709,3.0
2026-01-21,-0.5754550874422754,0.6722764600879064,-0.2934243061898841,0.5603942213514924,5.0
2026-01-22,0.357917065258707,1.0,0.8732999052471933,1.0,1.0
2026-01-23,-0.340807512524347,0.34404179695804354,0.4074336367706912,0.3770642152104573,2.0
2026-01-24,0.05873250420698861,0.7534223134011616,0.6536944863720037,2.0540828385350904,2.0
2026-01-25,-1.444368360361286,1.0,0.722511468689856,1.0,1.0
2026-01-26,-0.6504469910498489,0.953057346786673,-0.6067549752346906,0.5279534361480809,4.0
2026-01-27,-1.0033935965687502,0.8765591366912466,0.5252916510368696,0.287449172591772,3.0
2026-01-28,0.18925912433925587,0.1806063237859339,1.0249237816664485,0.29735253219206104,2.0
2026-01-29,0.46213005195445656,0.9825860855615882,0.9011616502445791,0.4566608932815969,4.0
2026-01-30,-0.7071067811865476,1.0,0.7071067811865464,1.0,1.0
2026-01-31,-0.5309949800786503,1.0,0.7688278119164353,1.0,1.0
2026-02-01,-0.010519965949131443,0.0028001910086988533,0.33387670447830503,0.22468559021836124,2.0
2026-02-02,-0.2203322843463883,1.0112867768381337,0.18447593098486995,1.5839187297823512,4.0
2026-02-03,0.016653793198248223,1.461795437197535,0.7918555691243361,1.0315653404875538,3.0
2026-02-04,0.021212121212121217,1.0,0.35454545454545455,1.0,1.0
2026-02-05,-0.42362521141943343,0.7773755197792097,1.246512013790862,1.0730194099847659,3.0
2026-02-06,0.4029911953939053,1.6811795939661898,0.7830074627060454,1.878831876598235,6.0
2026-02-08,0.5739736249655163,1.0,-0.6729192295745362,1.0,1.0
2026-02-09,0.5926918624427072,0.9336816339328147,-0.4846252362132577,1.4760357379346738,4.0
2026-02-10,-0.10906836196330355,0.39933526140654485,0.6151034148733565,0.08383757803595707,4.0
2026-02-11,-0.799469034477978,0.12408098859834295,-0.23035305811720108,1.872417744828973,4.0
2026-02-12,0.029776055301177783,1.0,-0.9925109078134068,1.0,1.0
2026-02-13,-0.3222280142956765,0.7153068010668192,0.25707714974260665,0.7409083947223452,5.0
2026-02-14,-0.6637967322888627,1.0,-0.4368990616130899,1.0,1.0
2026-02-15,0.4358312582644932,0.38028512025910477,-0.2500618663966283,1.4282076156961825,3.0
2026-02-16,-0.15041298931334973,0.9304417452736718,0.5340517062234352,0.6130859334238632,4.0
2026-02-17,-0.09897750719941564,0.529901850857708,1.6780806685380771,2.2300510805874265,2.0
2026-02-18,-0.2720629638623542,0.4011275334087327,0.0718437870987531,1.0698438358251918,3.0
2026-02-19,-1.1867097632431687,2.2872626634202917,-0.1752232091627121,0.8250052553954134,2.0
2026-02-20,-0.662978974288362,1.0,-0.47386852004211244,1.0,1.0
2026-02-21,0.0,1.0,0.0,1.0,1.0
2026-02-22,-0.7189434879041746,0.5256579118091932,-0.45213507562399835,0.8009552196987856,3.0
2026-02-23,-1.0088185512056125,0.4266848770885539,-0.6948746103986305,0.017298901825536752,2.0
2026-02-24,0.03526993904638117,0.41396869857135554,-0.5008312535033893,0.13155660986875964,3.0
2026-02-25,-0.5746584360138172,0.1873102460571482,0.5788762290979513,0.18134538587428226,2.0
2026-02-26,-0.7270609064725462,0.2578363031918018,-0.6558245926063377,0.554389389481193,3.0
2026-02-28,-0.19453536725292758,1.0,-0.6328020978924386,1.0,1.0
2026-03-01,-0.442210090841087,1.0,-1.1211167568461713,1.0,1.0
2026-03-02,0.3662802728115337,0.24914158467703496,0.07963118762979665,0.42385349713009535,3.0
2026-03-04,-0.006896538396837862,0.6250557557121744,0.2178964119974947,0.3852441020541299,4.0
2026-03-05,1.2838224277261254,1.1496698907550242,0.637678315586363,1.102253249011516,2.0
2026-03-06,-0.07546548448651813,1.2192993848880025,-0.20767462379486576,0.8703862116626333,4.0
2026-03-07,0.25978975531645493,1.0,-1.1699839745617233,1.0,1.0
2026-03-08,0.5433033237905893,0.9950755430588248,0.7691241264213473,0.18349006091424688,2.0
2026-03-09,-0.05843999160339841,0.9664065880981613,1.083538893543274,0.343929144335539,3.0
2026-03-10,-0.3854257885745488,1.3050102200467002,0.20274356194762017,0.7265850502938207,5.0
2026-03-11,0.713839859747489,1.5606447889397248,1.0428215195803363,0.9577408180881896,9.0
2026-03-12,0.11915706262459454,1.0862089214209831,0.2277060363036299,0.8417814055157283,5.0
2026-03-13,0.7157503275549111,0.5869813174247102,0.6543820014406139,0.5236086428710797,4.0
2026-03-15,-1.7940201352621756,1.1204520289856947,0.6687072196082886,1.7499926854305117,2.0
2026-03-16,0.022623207781685334,0.6991382736194468,0.12515530117646645,0.6928693464932266,4.0
2026-03-17,0.8323035850402625,1.0,-0.6946843343118176,1.0,1.0
2026-03-18,-0.045028143154272095,0.5981628647571166,0.042681315469323335,0.762392173310947,3.0
2026-03-20,0.5989055401001364,1.4873599859597597,0.24486844753812656,1.3008311871298726,4.0
2026-03-21,-0.8128180265505839,0.1834010451288538,0.20617816360207764,1.0829703485564688,2.0
2026-03-24,-0.02322759273264885,1.0328487766637906,0.5341314247948514,0.24462409496545617,2.0
2026-03-25,-0.2329460674402386,1.2096349018312331,1.1263762739301522,0.9777491567562802,2.0
2026-03-26,0.6070875559700701,1.0,0.7746268127701308,1.0,1.0
2026-03-27,-0.24295334264659807,0.41785518540909,-0.017412217105472527,0.5991839173742645,3.0
2026-03-28,-1.0970367753445813,1.0,-0.9420582007390856,1.0,1.0
2026-03-29,0.8196409744521854,0.856035961710708,0.7100718348675076,0.4083031562987084,3.0
2026-03-30,0.4036351840439313,0.8155589680985796,0.8134591817749196,0.1975893250274424,4.0
2026-04-01,0.6942394888384997,0.30851080234772976,0.44542851732995525,0.8370173656006283,2.0
2026-04-02,-0.26246224422083037,1.0,-0.345887988035108,1.0,1.0
2026-04-04,-0.23563952286567574,1.0259526162861594,-0.4852612846825265,1.831635195973764,2.0
2026-04-05,0.17739960622242795,0.33881251494185505,0.5894831564722843,0.043992800173107416,4.0
2026-04-06,-1.5033128453656601,1.0,-0.5849234235863493,1.0,1.0
2026-04-07,-0.1327975829808007,0.7876374474825859,-0.10569140672704387,0.7231648857302868,4.0
2026-04-08,0.08706514413820354,1.2455509970574403,-0.7780415508734259,0.4779770509665338,2.0
2026-04-09,0.8243422590212212,1.6180563279493845,-0.16042603220875007,0.8742558353590606,2.0
2026-04-10,0.038763192388671236,0.7777130021183623,0.39917310856180377,0.4302525743441931,4.0
2026-04-12,0.3229408047301866,1.0,-0.2666658436036713,1.0,1.0
2026-04-13,0.418937351038057,0.9089067771162896,-0.02100018760234938,0.861284040267513,3.0
2026-04-14,-2.122497150808538,1.0,-0.8151214316337311,1.0,1.0
2026-04-15,0.10555555555555556,1.0,0.35833333333333334,1.0,1.0
2026-04-16,0.02355621263398497,0.728870288249837,0.012680275370852367,0.9344102926441178,4.0
2026-04-17,-0.26846149021397503,1.0,-0.24831448964638483,1.0,1.0
2026-04-20,0.3396505137166688,0.819706343302052,-0.2896754556907343,0.1869952250535117,2.0
2026-04-21,-0.335728753697672,0.4222033652553725,-0.17127105052357652,0.3754447524071622,4.0
2026-04-22,2.104174357848799,1.0,-0.048778291250287646,1.0,1.0
2026-04-23,0.5794298219673631,1.011674985087798,-0.07615041243202957,0.5390550608155544,3.0
2026-04-24,-0.4695969870335005,1.0802653069465822,-0.2900653842937104,0.9276159107253844,5.0
2026-04-25,-0.39479451023991147,1.0,-1.0183926651093256,1.0,1.0
2026-04-27,0.019047619047619046,1.0,0.3988095238095238,1.0,1.0
2026-04-28,-0.5764222668474925,0.4931634716311156,-0.14538690536750082,0.5433457754890537,2.0
2026-04-29,-0.43880804590115297,0.8058347898034219,-1.2684675445686215,0.27663244210249704,3.0
2026-04-30,-0.4222154541755162,0.7620944038153922,0.40038711438342434,0.17230086187881638,2.0
2026-05-02,0.3814477861558409,0.5962815251523866,-0.20685847730318838,0.952039976769746,3.0
2026-05-03,0.15067831820700775,0.5335671331250263,-0.5959739779507169,1.6213775513693283,2.0
2026-05-04,0.1314475909078181,0.6488785074433384,0.7658617258178925,0.3343474389449771,5.0
2026-05-06,-0.35574411820427276,0.5636756425894034,-1.1376139350363768,0.4580497342909933,2.0
2026-05-07,-0.14962667710061836,1.0,0.6785117319369296,1.0,1.0
2026-05-08,-1.060245291694976,0.8234815954068133,-0.9205409976613713,0.8902331669916917,25.0
2026-05-09,0.07743559229411963,0.6038899287659789,-0.311103809459736,0.5645769596751706,3.0
2026-05-10,-0.1701706037657269,1.2191271310300775,-0.3747565835059918,0.918070932100052,6.0
2026-05-11,0.12267800376884985,0.6478295300942359,0.24515915674103977,0.777089797109235,5.0
2026-05-12,-0.8341021781021234,0.17959861267696153,0.7585035821185102,0.07268605294057182,2.0
2026-05-13,-0.7971115851706148,0.2384937109901603,0.7364539954457119,1.108331844677098,4.0
2026-05-14,0.4031903022879373,1.2405712677772527,0.47394506680531245,0.49554240692174284,3.0
2026-05-15,-0.23612499277230253,1.0,-0.574114428695244,1.0,1.0
2026-05-17,0.09091893382993305,1.0,-0.5621309596847561,1.0,1.0
2026-05-18,-0.11742180743049042,1.0,0.5572596053200848,1.0,1.0
2026-05-19,-0.25032154820024893,0.3969640374695409,0.10364721985695102,1.0911725959902898,6.0
2026-05-20,0.5117166589941248,0.9802723432564691,-0.30672184367876915,0.1527070236780379,3.0
2026-05-21,0.616135746296037,0.6696225709331434,-0.453972613907196,1.2171882466559452,2.0
2026-05-22,0.5802204509691641,1.0,0.3519920514413946,1.0,1.0
2026-05-23,-0.4785907370695878,0.8613490723619934,0.057276084840185204,0.6061003668149617,9.0
2026-05-24,0.36279735735571056,0.46792839999142655,-1.2229733459569936,1.073021629723903,3.0
2026-05-25,-0.492855720289696,1.0,0.6773690108698167,1.0,1.0
2026-05-26,0.257755128038539,0.6833163564340586,-0.30781891503675274,0.6571516852994241,5.0
2026-05-27,-0.3996392098845803,1.0602752442264507,-0.28570488250434006,0.4631924172834544,3.0
2026-05-28,0.22825794111488312,0.5406640310588134,-0.1453959570292836,1.1206880480736596,5.0
2026-05-29,-0.11980716104395632,0.6350430216075611,0.2666614191727481,0.9525279247697712,7.0
2026-05-30,0.00011882204458371626,0.6685958834505856,0.5813063744015343,0.9990688956397009,3.0
2026-05-31,1.1301557384963286,1.0,1.2355748454399758,1.0,1.0
2026-06-01,0.575201639952349,0.9175741828463112,0.5557543837338379,0.8868945264863991,6.0
2026-06-02,-0.23675527818855055,0.7688492380479444,-0.7063810914596795,0.6166359384224871,7.0
2026-06-03,0.2862824153368173,0.6896851885700263,0.1558724606229051,0.7466621747257384,5.0
2026-06-04,-0.4167494370326879,0.37723610705486266,1.0690594523644465,1.6553811348436247,2.0
2026-06-05,-0.19989241017702167,0.805775195023383,-0.01357910642773294,0.7529554261823973,4.0
2026-06-06,0.48738480795393285,1.0,-1.1795551005024838,1.0,1.0
2026-06-08,-0.8669964287934318,1.0,0.989490258083296,1.0,1.0
2026-06-09,0.255691205487511,0.1645848783658119,-0.04000280997690943,0.642382249959325,4.0
2026-06-10,0.6760502133554687,0.9139881644946266,0.16522255125458954,0.6141441443931959,4.0
2026-06-12,0.12107164645494546,1.6568238748644233,0.06973196366090083,1.180836158042102,5.0
2026-06-13,-0.14834820920621888,0.7902039505868039,-0.21935321620394954,1.3102122933057838,2.0
2026-06-14,-0.5595806586074188,0.06139309879795641,-1.3598833150319782,0.28128323548032735,2.0
2026-06-15,0.010615350827667496,0.3307627571999539,-0.8182210134531347,1.4189116610660713,4.0
2026-06-16,-0.05271975199224845,1.3780798771083307,-0.17109397469482449,1.6535464568163774,3.0
2026-06-17,0.3807834626783042,0.9740532696803872,0.06869558406770644,0.5195150587187406,3.0
2026-06-18,-0.8608311367481364,0.21739906850226298,0.34614659277377047,0.5104747939300969,2.0
2026-06-20,-0.07162948660545357,1.0,-0.26333815126402055,1.0,1.0
2026-06-22,-0.5302351100793149,0.7346138731219071,-0.7228809441516478,1.251054175353307,3.0
2026-06-23,0.3882050992148396,0.48491199289461245,0.3947841959666681,0.7656952613298841,8.0
2026-06-24,0.5655261048206415,0.6436650456560904,-0.22166273007407114,0.4673419641296676,3.0
2026-06-26,0.7192724644507996,1.0,-0.14566483798388696,1.0,1.0
2026-06-29,-2.3295418573148354,1.0,-0.02131471903121119,1.0,1.0
2026-06-30,-0.13517411580927252,1.2101845602385317,0.5076778287091501,0.35299875955255716,3.0
2026-07-01,0.18930389057025918,0.6502144657274402,0.3618427541330149,0.7405821370160076,6.0
2026-07-02,-0.037421379171270905,0.770574212677605,0.019554850454501293,0.6538692732828183,5.0
2026-07-03,0.20187061993453925,0.3771695532886838,-0.3010898449931596,0.8417009565305672,4.0
2026-07-04,0.03904885234440536,0.9334094288170033,1.0720305992416532,0.7493911618987195,3.0
2026-07-05,-0.3361452760561848,0.632756287082392,0.07979770243198081,1.4481473915210432,4.0
2026-07-06,0.050624757256242325,1.0261681698457523,0.17258858704592006,0.6445405516238764,12.0
2026-07-07,0.04728938693033438,0.5037045115292021,-0.24930781020761442,1.0391750756971956,4.0
2026-07-08,0.5073126122037644,1.3206320916068761,-0.4884194844202894,1.003225122492812,6.0
2026-07-09,0.1659920780479808,0.6140751056342252,-0.44038284781896314,0.6255670033048134,4.0
2026-07-10,0.7956764442181301,1.3607784868201125,-0.0694551097143685,0.4646294390819699,4.0
2026-07-12,1.0072980569823333,1.0,1.3248660657691456,1.0,1.0
2026-07-13,-0.6785326305320493,0.6263454395433528,-0.8332046065781098,0.49206616476188136,2.0
2026-07-14,0.11119260549347665,1.0,0.6765169998663244,1.0,1.0
2026-07-15,0.6601044840274479,0.5360489929552001,-0.06633743612658466,0.868775764072774,2.0
2026-07-16,0.18789714129456597,0.5329955638250906,0.2270390184725017,0.573744063574817,2.0
2026-07-17,0.7071067811865476,1.0,0.7071067811865475,1.0,1.0
2026-07-18,-1.8514193755909003,1.0,0.9730927700662794,1.0,1.0
2026-07-21,0.30838187754806656,1.0926601501154853,-0.21263194763424476,1.0362840612618076,2.0
2026-07-22,1.57205240447399,1.0,1.1919819743951123,1.0,1.0
2026-07-23,0.5274948399577974,0.8475819712931956,0.3451293115479405,0.9499145477343919,5.0
2026-07-24,-0.4748165642828982,1.4013445270371274,0.16364096864160632,1.0526436742255545,5.0
2026-07-25,0.024870723903159808,1.6625184389869991,-0.8324625074189266,1.0102968388275364,3.0
2026-07-26,0.29688672392660714,0.5801387685344754,-0.09688672392660713,0.8629814810090944,2.0
2026-07-27,-0.423069834244432,1.0,1.4126033435477627,1.0,1.0
2026-07-28,1.2870627286271439,0.9157779419054007,0.43478001429582364,1.075573638044577,3.0
2026-07-29,0.024197876877281217,1.095271366429331,0.5875293337282921,0.5190654435927053,3.0
2026-07-30,-0.6652408965251204,0.5850013624243914,0.3467551369561232,0.9342129792030741,3.0
2026-07-31,-0.13863940582230447,0.4835224186041677,-0.1858321912493463,0.6715388620325011,4.0
2026-08-01,-0.9630023681614135,0.059748334071192,-0.27369117248259445,0.8583232300802683,2.0
2026-08-02,1.0482762912913617,0.3577223322469875,-0.1640711893583861,0.33910551426923025,2.0
2026-08-03,-0.6307030662187387,0.4672483952770866,0.9050674794361387,0.13458659840027612,2.0
2026-08-04,-0.18147256926067765,0.5894680839286837,-0.13450927960950868,0.7906794653494473,24.0
2026-08-05,-0.27477816212539036,1.2743276771830483,0.4016162459054645,0.9284887775928491,9.0
2026-08-06,-0.6722528363814675,0.9678548190922438,0.39409524122516026,1.75851746319415,4.0
2026-08-07,0.7198949631074268,0.018085220310601884,-0.9232981958204185,0.3057408306438451,2.0
2026-08-08,0.7843706756457866,0.5194454354306339,0.4344389627008216,0.0659730247233051,2.0
2026-08-09,1.0414311299108079,0.977831281366818,0.7779515989766597,0.3577275818967524,2.0
2026-08-10,-0.24440276221705035,0.87485600785778,-0.07161665440014753,0.9651617069141538,6.0
2026-08-11,-0.18095260713773223,0.769121988169403,0.26014819714098636,0.9527471135960378,4.0
2026-08-12,0.28088708188810363,1.0,-0.24624931887592313,1.0,1.0
2026-08-13,0.03040237362032693,1.0,0.3502586114098527,1.0,1.0
2026-08-14,0.09320994758840229,1.0025760558295291,1.1826127442013832,0.59296960413267,3.0
2026-08-16,0.4731507512737222,0.330863790501683,0.265300391091261,0.6248085888158523,2.0
2026-08-17,-0.4993130528470151,0.6587816031088843,-0.8823471154077409,0.8172976408034641,12.0
2026-08-18,-0.07447224653757693,0.6174836572336923,-0.4616266916585976,1.755522620394413,3.0
2026-08-19,-0.7343312303976294,0.40478549998383956,-0.5624576637422577,1.3548599268668202,3.0
2026-08-20,0.8102694067757965,2.1458939842383336,-0.015021746131267999,0.9787560428906353,2.0
2026-08-21,-0.2793214859336201,0.4027378182706077,-0.7235303185332149,0.8707644368633506,5.0
2026-08-24,-0.054872011504948526,0.704986713793926,0.4967000351444588,0.17183643000947102,4.0
2026-08-25,1.0678608772713902,1.0,-0.4839119114457775,1.0,1.0
2026-08-26,-0.8501034179315541,1.2384527862812538,0.7037266813986369,0.6573135789250163,4.0
2026-08-27,-0.7199519547783844,0.07290537975020712,0.8141025412335592,0.06347374539975882,2.0
2026-08-28,-0.22385701899345697,0.20572929902413586,0.19926214401498188,0.6785835651515141,3.0
2026-08-30,-0.13252316757490018,1.0,-0.7972473406168753,1.0,1.0
2026-08-31,0.19335672090410988,1.1109366934021163,0.7379622345827779,0.04159934012099866,2.0
2026-09-01,-0.36160392926124096,1.2291895323581667,0.9342042700832613,0.7472866655681422,2.0
2026-09-02,0.5208551939758398,0.5869968796880926,0.3150287012481754,1.2847756179424485,3.0
2026-09-04,0.4056055274730254,1.0,-0.5074729192054457,1.0,1.0
2026-09-06,0.13446693259005016,0.7158850961995156,-0.8779740867886718,0.8120094457246221,12.0
2026-09-07,-0.12022079775545856,0.502788614991379,-0.34238967790401026,0.7693089233015387,12.0
2026-09-10,-0.760683057713126,1.0,0.5794455833175577,1.0,1.0
