,phrase,label,sentiment,subjectivity,language,count
Indonesia,,,,,,
Hawaii,,,,,,
Kilauea,,,,,,
Ethiopia,,,,,,
Russia,,,,,,
Earth,,,,,,
Guatemala,,,,,,
Iceland,,,,,,
Mount Etna,,,,,,
Japan,,,,,,
Europe,,,,,,
Philippines,,,,,,
Sicily,,,,,,
Jakarta,,,,,,
India,,,,,,
Italy,,,,,,
Yellowstone,,,,,,
Mount Semeru,,,,,,
Kanlaon Volcano,,,,,,
Mount Dukono,,,,,,
Mars,,,,,,
Kamchatka,,,,,,
Iran,,,,,,
Kamchatka Peninsula,,,,,,
Mexico,,,,,,
Semeru,,,,,,
JAKARTA,,,,,,
Mount Rainier,,,,,,
US,,,,,,
Pompeii,,,,,,
Fuego,,,,,,
Big Island,,,,,,
Colombia,,,,,,
Anak Krakatau,,,,,,
Mayon,,,,,,
East Java,,,,,,
Washington,,,,,,
BACOLOD CITY,,,,,,
Yemen,,,,,,
Volcano Bay,,,,,,
Jupiter,,,,,,
Bacolod,,,,,,
U.S.,,,,,,
America,,,,,,
Mount Lewotobi,,,,,,
Halmahera,,,,,,
California,,,,,,
Pacific,,,,,,
Oregon,,,,,,
China,,,,,,
Ecuador,,,,,,
Mayon Volcano,,,,,,
New Zealand,,,,,,
GUATEMALA CITY,,,,,,
North Maluku,,,,,,
HONOLULU,,,,,,
Taftan,,,,,,
Blue Lagoon,,,,,,
Klyuchevskoy,,,,,,
the United States Geological Survey,,,,,,
Bali,,,,,,
Far East,,,,,,
Mount Anak Krakatau,,,,,,
Bacolod City,,,,,,
Etna,,,,,,
Mount Everest,,,,,,
Oman,,,,,,
Nepal,,,,,,
Mount Vesuvius,,,,,,
the South Pacific,,,,,,
Mount St. Helens,,,,,,
the Red Sea,,,,,,
Delhi,,,,,,
Alaska,,,,,,
the United States,,,,,,
Barren Island,,,,,,
Naples,,,,,,
Caribbean,,,,,,
Venus,,,,,,
Lumajang,,,,,,
Everest,,,,,,
East Nusa,,,,,,
Mount Marapi,,,,,,
the Blue Lagoon,,,,,,
Catania,,,,,,
Australia,,,,,,
Orlando,,,,,,
VT,,,,,,
Peru,,,,,,
Chimborazo,,,,,,
Sakurajima,,,,,,
Sumatra,,,,,,
the Big Island,,,,,,
Chile,,,,,,
MANILA,,,,,,
La Castellana,,,,,,
Antarctica,,,,,,
Mount Lokon,,,,,,
Toba,,,,,,
Germany,,,,,,
Volcano Red,,,,,,
Pakistan,,,,,,
Volcano,,,,,,
Mount Fuji,,,,,,
Mount Merapi,,,,,,
Seattle,,,,,,
West Sumatra,,,,,,
Andes,,,,,,
France,,,,,,
Mount Lewotobi Laki,,,,,,
Singapore,,,,,,
Mt.,,,,,,
Agam,,,,,,
the Kanlaon Volcano,,,,,,
Halemaumau,,,,,,
the Pacific Ocean,,,,,,
Honolulu,,,,,,
Central America,,,,,,
TOKYO,,,,,,
Florida,,,,,,
Greece,,,,,,
Kīlauea,,,,,,
Kamchatka peninsula,,,,,,
Middle East,,,,,,
Klauea,,,,,,
Mount Lewotobi Laki-laki,,,,,,
the Canary Islands,,,,,,
Popocatépetl,,,,,,
Mount Sinabung,,,,,,
Kathmandu,,,,,,
Central Americas,,,,,,
Halmahera island,,,,,,
eastern Halmahera island,,,,,,
Denpasar,,,,,,
UK,,,,,,
Los Angeles,,,,,,
Negros Island,,,,,,
Sputnik,,,,,,
Icelandic,,,,,,
Maui,,,,,,
the Kamchatka Peninsula,,,,,,
Inner Mongolia,,,,,,
earth,,,,,,
Africa,,,,,,
Nishinoshima,,,,,,
Tonga,,,,,,
New York,,,,,,
Tanah Datar Districts,,,,,,
East Flores,,,,,,
Portland,,,,,,
Yellowstone National Park,,,,,,
Amazon,,,,,,
Addis Ababa,,,,,,
Hawaiis Kilauea,,,,,,
Io,,,,,,
Iceland Volcano Erupts,,,,,,
Reykjanes peninsula,,,,,,
North Halmahera,,,,,,
Asia,,,,,,
Canary Islands,,,,,,
Pluto,,,,,,
Central America's,,,,,,
Mauna Kea,,,,,,
Kansas,,,,,,
ADDIS ABABA,,,,,,
Mount Ibu,,,,,,
Popocatépetl volcano,,,,,,
POPOCATÉPETL VOLCANO,,,,,,
Kuril Islands,,,,,,
Nicaragua,,,,,,
New Mexico,,,,,,
Kagoshima,,,,,,
North America,,,,,,
Europes,,,,,,
West Coast,,,,,,
Mount Aso,,,,,,
LEGAZPI CITY,,,,,,
Albay,,,,,,
Kilauea Volcano,,,,,,
Molten rock,,,,,,
London,,,,,,
South Korea,,,,,,
Santorini,,,,,,
White Island,,,,,,
Cleveland,,,,,,
Elite Volcano Orange,,,,,,
Rio Rancho,,,,,,
Murrieta,,,,,,
Malang,,,,,,
Faridabad,,,,,,
Hollywood,,,,,,
Tomohon,,,,,,
North Sulawesi,,,,,,
Costa Rica,,,,,,
Mount Kilauea,,,,,,
Manila,,,,,,
Andaman,,,,,,
Mediterranean,,,,,,
the Pacific Northwest,,,,,,
Tehran,,,,,,
zircon crystal,,,,,,
South America,,,,,,
the Indian Ocean,,,,,,
Réunion Island,,,,,,
Vanuatu,,,,,,
Wyoming,,,,,,
Canada,,,,,,
Mo…,,,,,,
Maharashtra,,,,,,
Shiveluch,,,,,,
Anchorage,,,,,,
Taiwan,,,,,,
MOSCOW,,,,,,
Ethiopias,,,,,,
Martinique,,,,,,
New Zealand's,,,,,,
Kikai,,,,,,
Doha,,,,,,
Solomon Islands,,,,,,
Central Asia,,,,,,
Kagoshima Prefecture,,,,,,
Haryana,,,,,,
Anak Krakatoa,,,,,,
Mount Anak Krakatoa,,,,,,
Ternate,,,,,,
Java Island,,,,,,
Portugal,,,,,,
Java Island's,,,,,,
SoraNews24,,,,,,
Grindavik,,,,,,
Aceh province,,,,,,
Azerbaijan,,,,,,
New Edinburgh,,,,,,
Southwestern Iceland,,,,,,
Reykjanes Peninsula,,,,,,
the Reykjanes Peninsula,,,,,,
Polynesia,,,,,,
Kirishima,,,,,,
Legazpi City,,,,,,
Rainham,,,,,,
Southeast Asia,,,,,,
Papua New Guinea,,,,,,
Krasheninnikov,,,,,,
Russias,,,,,,
Mount Rinjani,,,,,,
Mount Spurr,,,,,,
Universal Volcano Bay,,,,,,
Arenal Volcano,,,,,,
Kumamoto,,,,,,
La Carlota,,,,,,
Garnet Red,,,,,,
Kupang,,,,,,
Tanzania,,,,,,
Cebu,,,,,,
Taal Volcano,,,,,,
Spain,,,,,,
Doubao,,,,,,
Roman city,,,,,,
Washington State,,,,,,
La Carlota City,,,,,,
the Andaman Sea,,,,,,
Pacific Northwest,,,,,,
Kanlaon,,,,,,
a Volcano Eruption,,,,,,
Manado,,,,,,
Mayotte,,,,,,
The Taal Volcano,,,,,,
Flores island,,,,,,
Tompaluan,,,,,,
Yogyakarta,,,,,,
Central Java,,,,,,
Baratang,,,,,,
Nicobar Islands,,,,,,
Saudia,,,,,,
Utah,,,,,,
Mount Shasta,,,,,,
SINGAPORE,,,,,,
Earths,,,,,,
Nayarit,,,,,,
Aotearoa,,,,,,
mongolia,,,,,,
San Diego,,,,,,
the Baiyinkulun Steppe &amp,,,,,,
San Francisco,,,,,,
Idaho,,,,,,
Inner Mongolia’s,,,,,,
North Halmahera District,,,,,,
the Chilean Andes,,,,,,
South East Asia,,,,,,
Madagascar,,,,,,
Indo,,,,,,
Halmahera Island,,,,,,
Wandan,,,,,,
Arizona,,,,,,
Sundhnúkur,,,,,,
SoCal,,,,,,
Upstate,,,,,,
Baiyinkulun Steppe,,,,,,
The Mayon Volcano,,,,,,
Eifel,,,,,,
Santa María del Oro,,,,,,
the Cascade Range,,,,,,
Uzbekistan,,,,,,
china,,,,,,
Dhale,,,,,,
Russias Kamchatka Peninsula,,,,,,
Vangunu Island,,,,,,
Reykjavik,,,,,,
El Salvador,,,,,,
The United States Geological Survey,,,,,,
Mount Etna’s,,,,,,
Tauranga,,,,,,
Halemaʻumaʻu,,,,,,
Hayli Gubbi,,,,,,
Erupting Volcano,,,,,,
Mount Etna's,,,,,,
Medieval Europe,,,,,,
Comoros,,,,,,
Montana,,,,,,
Aceh,,,,,,
New Jersey,,,,,,
Kanye West,,,,,,
Southern Italy,,,,,,
Kavachi,,,,,,
Bordeaux,,,,,,
Kikai caldera,,,,,,
CAIRO,,,,,,
Sumatran,,,,,,
Purace,,,,,,
Tuscany,,,,,,
Tenerife,,,,,,
Americas,,,,,,
Nevada,,,,,,
Mount Tambora,,,,,,
North Sumatra,,,,,,
Mayantuyacu,,,,,,
the Province of,,,,,,
Huánuco State,,,,,,
Newberry Volcano,,,,,,
USA,,,,,,
England,,,,,,
Lithuania,,,,,,
the Field of the Gods,,,,,,
LONDON,,,,,,
Mount Etna Lightning Strike Kills Hiker,,,,,,
Papua New Guinea's,,,,,,
the Sunda Strait,,,,,,
Israel,,,,,,
Cyclops,,,,,,
West Asia,,,,,,
Afar Region,,,,,,
Juno,,,,,,
Guadalajara,,,,,,
Marapi,,,,,,
Texas,,,,,,
Ulanhad Sumu,,,,,,
the Krasheninnikov Volcano,,,,,,
West Sumatra Province,,,,,,
Fissure Volcano,,,,,,
Far Eastern Kamchatka Peninsula,,,,,,
COPENHAGEN,,,,,,
East Coast,,,,,,
Chahar,,,,,,
Shinmoedake,,,,,,
HONOLULU Hawaii's,,,,,,
the Tokara Islands,,,,,,
Scotland,,,,,,
the Baiyinkulun Steppe,,,,,,
Albuquerque,,,,,,
Malilipot,,,,,,
Agua Volcano,,,,,,
Hawai'i Island,,,,,,
San Jose,,,,,,
San Roque,,,,,,
Pacific coast,,,,,,
Las Cruces,,,,,,
Calbayog,,,,,,
Yellowstone Park,,,,,,
the Xilingol Steppe,,,,,,
Fresno County,,,,,,
Brazil,,,,,,
Munich,,,,,,
Volcano Black Mica,,,,,,
Egg Hatcher,,,,,,
Mount Anak,,,,,,
the Autonomous Volcano,,,,,,
N.J.,,,,,,
La Cresta,,,,,,
Ibarra,,,,,,
Imbabura Volcano,,,,,,
Kīlauea Volcano,,,,,,
Klauea Volcano,,,,,,
Netherlands,,,,,,
the Bismarck Sea,,,,,,
"Volcano Bay
",,,,,,
the Northern Hemisphere,,,,,,
Beijing,,,,,,
BACOLOD,,,,,,
Mauna Loa,,,,,,
Southeast Asia's,,,,,,
Las Vegas,,,,,,
Eurasia,,,,,,
Ukraine,,,,,,
Barcelona,,,,,,
Berlin,,,,,,
Maryland,,,,,,
Tokyo,,,,,,
Aomori,,,,,,
York,,,,,,
Herculaneum,,,,,,
the Red Planet's,,,,,,
Sea Tac,,,,,,
Georgia,,,,,,
Mauis Haleakal Volcano,,,,,,
Negros Occidental,,,,,,
COLORADO SPRINGS,,,,,,
Pacific Northwests,,,,,,
Sundhnúkagígar volcano,,,,,,
Fukuoka,,,,,,
La Palma,,,,,,
Auckland,,,,,,
Jawa Timur,,,,,,
B.C.,,,,,,
West,,,,,,
the East African Rift Valley,,,,,,
Karnataka,,,,,,
Hawaiis Big Island,,,,,,
Türkiye,,,,,,
Mount Lewotobi Laki-Laki,,,,,,
Osaka,,,,,,
El Salvador’s,,,,,,
Kyoto,,,,,,
the Erzurum basin,,,,,,
the Aegean Sea,,,,,,
Hiroshima,,,,,,
the Red Planet,,,,,,
Paradise,,,,,,
Christchurch,,,,,,
Heard Island,,,,,,
Aegean Sea,,,,,,
Vietnam,,,,,,
Rio de Janeiro,,,,,,
Negros Island Region,,,,,,
Norris Geyser Basin,,,,,,
Anapo river,,,,,,
Colo.,,,,,,
Wisconsin,,,,,,
South Carolina,,,,,,
Northeast,,,,,,
Bolivia,,,,,,
Dubai,,,,,,
Vesuvius,,,,,,
Anime Vanguards,,,,,,
Greenland,,,,,,
the Apolaki Caldera,,,,,,
the Southern Ocean,,,,,,
et al,,,,,,
Mexicos,,,,,,
Sydney,,,,,,
Cayman Island,,,,,,
Indian Ocean,,,,,,
Hidden Auckland,,,,,,
Homo,,,,,,
S06E09.1080p,,,,,,
Anjouan,,,,,,
Grande Comore,,,,,,
ocean island,,,,,,
BATANGAS PROVINCE,,,,,,
Antarcti,,,,,,
CH4,,,,,,
PHILIPPINES,,,,,,
Quezon,,,,,,
the Ross Sea,,,,,,
PURACE,,,,,,
the Lassen Area,,,,,,
the United Sta,,,,,,
Panchpakhadi,,,,,,
Haleakal,,,,,,
Lightite,,,,,,
mcpcn,,,,,,
Rift Valley,,,,,,
Puget,,,,,,
the Bismarck Se,,,,,,
Alaska - Airport,,,,,,
Fairbanks,,,,,,
Te Ahua Point,,,,,,
Earth Planet,,,,,,
Waitkere,,,,,,
the Southeast Indian Ridge,,,,,,
Mount Etna Burst,,,,,,
Sumaco,,,,,,
Caá Porá,,,,,,
Sheveluch Volcano,,,,,,
Mount Etna Erupts During,,,,,,
Kailua Kona,,,,,,
South Africa,,,,,,
Tibet,,,,,,
VOLCANO BAY,,,,,,
Siberia,,,,,,
the Yellowstone River,,,,,,
Santa María,,,,,,
Frothy rock,,,,,,
Aso Volcano Eruption,,,,,,
Kinnekulle,,,,,,
Wash.,,,,,,
Sinabung,,,,,,
Midwest,,,,,,
Volcano Gr,,,,,,
Malta,,,,,,
Puracé,,,,,,
Stromboli,,,,,,
Jaipur,,,,,,
Et…,,,,,,
Ethi,,,,,,
Chiles,,,,,,
Ethiopi,,,,,,
Lake Villarrica,,,,,,
Krasheninnikova,,,,,,
Java island's,,,,,,
Gujarat,,,,,,
A Arcadia,,,,,,
Ocean,,,,,,
Christmas Island,,,,,,
Anak Kra…,,,,,,
Deep-Sea Mud Volcanoes,,,,,,
Anak,,,,,,
texas,,,,,,
Lampung province,,,,,,
Mount Semeru's,,,,,,
the Kingdom of Tonga,,,,,,
Sakurajima volcano,,,,,,
weekendUSA,,,,,,
Hunga,,,,,,
N Sumatra,,,,,,
Medan,,,,,,
North India,,,,,,
Pucón,,,,,,
the Kingdom of Volcano Volcano Princess,,,,,,
Kilauea Volcano Obliterate a Webcam,,,,,,
East Champaran,,,,,,
the Western Hemisphere,,,,,,
S. Surface,,,,,,
Volcan de Fuego,,,,,,
Magellan,,,,,,
Pars,,,,,,
Crater Lake,,,,,,
St. Helens,,,,,,
Kyrgyzstan,,,,,,
Co Louth,,,,,,
Ann Arbor,,,,,,
Bezymianny,,,,,,
the Volcano Update,,,,,,
Carlingford Mountain,,,,,,
Ross Island,,,,,,
Fuego Volcano,,,,,,
Rajasthan,,,,,,
Supetar,,,,,,
Villarrica,,,,,,
Mount Bromo,,,,,,
Brimsvo,,,,,,
Punjab,,,,,,
Croatia,,,,,,
Brac,,,,,,
Perlaz,,,,,,
Rhode Island,,,,,,
Paris,,,,,,
Southern Europe,,,,,,
Tseax,,,,,,
the Nass Valley,,,,,,
Flori,,,,,,
Northern Ethiopia,,,,,,
‌warning,,,,,,
Leeds,,,,,,
AZ,,,,,,
Mayon Volcano Alert Level,,,,,,
La Fortuna,,,,,,
Indonesias North Maluku Province,,,,,,
Dyngjufjöll,,,,,,
Mo… Volcanic,,,,,,
Gran Canaria,,,,,,
Bismarck Sea,,,,,,
the Baiyinkulun Steppe & Volcano Tourism Resort of Inner Mongolia,,,,,,
Mount Kerinci,,,,,,
Volcano Tourism Resort of Inner Mongolia,,,,,,
Bison,,,,,,
Southeast Asias,,,,,,
Falls Into Volcano,,,,,,
Hunga Ha’apai,,,,,,
Hunga Tonga,,,,,,
Volcano Eruption,,,,,,
Universals Volcano Bay,,,,,,
Vogelsang,,,,,,
Urftsee,,,,,,
Delaware,,,,,,
Hōnaunau-Nāpōʻopoʻo,,,,,,
La Palma’s,,,,,,
Honaunau-Napoo,,,,,,
Letchworth State,,,,,,
Oahu,,,,,,
Omabuarts Studio,,,,,,
Honaunau-Napoopoo,,,,,,
Mount Usu,,,,,,
Next Kilauea,,,,,,
regul,,,,,,
Erzurum basin,,,,,,
Pompei,,,,,,
Vulcan,,,,,,
Costa Rica's,,,,,,
North Maluku island,,,,,,
Mount Dukono’s,,,,,,
the Surrounding Village,,,,,,
the Calavera Na,,,,,,
Strait of Hormuz,,,,,,
the Invisible Mountain,,,,,,
Cuba,,,,,,
Lebanon,,,,,,
Santiaguito,,,,,,
Sandbox,,,,,,
the Absheron Peninsula,,,,,,
Emeishan,,,,,,
Brat,,,,,,
Mount Doom,,,,,,
Kyushu island,,,,,,
Rotorua,,,,,,
Poland,,,,,,
Mount Tarawera,,,,,,
Essex,,,,,,
"the Heartland
",,,,,,
the United States G,,,,,,
Athens,,,,,,
wh… MANILA,,,,,,
Red Planet,,,,,,
the baiyinkulun steppe,,,,,,
the Volcano-In Hotel of Arrivals,,,,,,
Luzon Island,,,,,,
South Aegean,,,,,,
"the Southeast
",,,,,,
Krafla,,,,,,
the West Region's,,,,,,
the Reunion Island,,,,,,
Oklahoma,,,,,,
Enid,,,,,,
Shanghai,,,,,,
the Westman Islands,,,,,,
Hawaiian Volcano,,,,,,
Hawaiian Coast,,,,,,
the west coast,,,,,,
the North Pacific,,,,,,
YouT,,,,,,
Mount Saint Helens,,,,,,
Seahawks,,,,,,
New Caledonia,,,,,,
Mount Etna.</li><li,,,,,,
Black hole,,,,,,
the Kuiper Belt,,,,,,
the Milky Way,,,,,,
Aso City,,,,,,
Neptune,,,,,,
sandy beaches,,,,,,
Kuiper Belt,,,,,,
Atlantic Ocean,,,,,,
M. S.,,,,,,
the Solomon Islands,,,,,,
Zealands,,,,,,
Pemba,,,,,,
New York City,,,,,,
Tucson,,,,,,
Lake Constance,,,,,,
NZ,,,,,,
New York City's,,,,,,
the Mayon Volcano,,,,,,
MOUNT ETNA,,,,,,
Arctic Base,,,,,,
J1007,,,,,,
Volcanic,,,,,,
Tahiti,,,,,,
"LA
",,,,,,
WASHINGTON Earth's,,,,,,
WASHINGTON,,,,,,
Getty,,,,,,
Solid Earth,,,,,,
Volcanic Moon Io,,,,,,
El Presidente,,,,,,
Indonesias Mount Merapi,,,,,,
Ilaló,,,,,,
Mount Mayon,,,,,,
Cornejo,,,,,,
West Sumatras,,,,,,
the Boiling River,,,,,,
Colorado,,,,,,
Tenn.,,,,,,
Pico de Orizaba,,,,,,
SIDOARJO,,,,,,
Indonesiamore,,,,,,
Guangdong,,,,,,
Guangzhou,,,,,,
Pagan Volcano,,,,,,
this Volcano Bay,,,,,,
Amsterdam,,,,,,
Asháninka,,,,,,
Lake Superior,,,,,,
Berriedale Peninsula,,,,,,
LA,,,,,,
Azteca,,,,,,
Water Park,,,,,,
Sar,,,,,,
arctic,,,,,,
HONG KONG,,,,,,
San Miguel,,,,,,
Mount Fuji's,,,,,,
Hobart,,,,,,
Minnesota,,,,,,
Haleakala,,,,,,
Enormous Volcanic Eruption Cleaned Up Part of Its Own Methane Emissions,,,,,,
Mexico City,,,,,,
Seoul,,,,,,
the Whakatne coast,,,,,,
the Pacific Sea,,,,,,
the Poás volcano,,,,,,
Houston,,,,,,
Milan,,,,,,
Sardinia,,,,,,
Congo,,,,,,
Mount Nyiragongo,,,,,,
Universal Orlando’s,,,,,,
Wreck,,,,,,
Volcano eruptions,,,,,,
"Mauna Loa
",,,,,,
Ontake,,,,,,
Ontake Volcano,,,,,,
East Oxford,,,,,,
Empire Wind,,,,,,
West Antarctic Rift System,,,,,,
the Hilltop of a Volcano,,,,,,
Popocatepetl,,,,,,
Coast,,,,,,
"Coast
  View",,,,,,
Lanzarote,,,,,,
Canary Islanders,,,,,,
Caldera Blanca,,,,,,
Lanz,,,,,,
Gordo volcanoc,,,,,,
White Island's,,,,,,
knownand,,,,,,
Icelands Eyjafjallajökull,,,,,,
Mount Kanlaon,,,,,,
Jazeera Volcano,,,,,,
Icelands Reykjanes Peninsula,,,,,,
Miss.,,,,,,
the Galapagos Islands,,,,,,
Northern lights,,,,,,
The United States,,,,,,
Hilo,,,,,,
ORLANDO,,,,,,
Fla.,,,,,,
The Kanlaon Volcano,,,,,,
United States,,,,,,
Nebraska,,,,,,
the North Pacific Subtropical Gyre,,,,,,
the Klauea Volcano,,,,,,
Central Philippines Erupts,,,,,,
Sending Ash Miles,,,,,,
Myanmar,,,,,,
Sky,,,,,,
Kilauea Volcano Spews Fountains of Lava,,,,,,
the Pyramids of Giza,,,,,,
Egypt,,,,,,
Haleakal National Park,,,,,,
Faial Island,,,,,,
Pacific Northwest coast,,,,,,
The Blue Lagoon,,,,,,
Sicil,,,,,,
Soda Springs,,,,,,
Kanl,,,,,,
Simushir,,,,,,
Soviet Island,,,,,,
Mount Kilimanjaro,,,,,,
"Mount Kilimanjaro
",,,,,,
the Solar System,,,,,,
the Alaska Volcan… Skip,,,,,,
NY,,,,,,
the Mediterranean island,,,,,,
SICILY,,,,,,
Buri,,,,,,
the east coast,,,,,,
Mo,,,,,,
Mount Etna Erupts,,,,,,
Mount Etna Produces Pyroclastic Flow,,,,,,
Mount Etnaâs,,,,,,
the Volcano of Fire,,,,,,
GUATEMALA,,,,,,
topsPhys.org Mars,,,,,,
Red Planets,,,,,,
Veniaminof volcano,,,,,,
Buriram city,,,,,,
Hawaii Island,,,,,,
the Pacific Coast,,,,,,
the Negros island,,,,,,
the Pacific coast,,,,,,
eruptThe,,,,,,
Comelec,,,,,,
ElectionsNegros Island Region,,,,,,
Jemian,,,,,,
Uturuncu,,,,,,
Central Andes,,,,,,
Axial Seamount,,,,,,
Yosemite Valley's,,,,,,
Yosemite Valley,,,,,,
Philipines,,,,,,
Pacific Ocean,,,,,,
the Negros Island,,,,,,
"the Juan d… iStockphoto
",,,,,,
the Pacific Northwest's,,,,,,
Tenggara,,,,,,
Fl,,,,,,
Pichincha,,,,,,
San Vicente,,,,,,
Tecoluca,,,,,,
NEW YORK,,,,,,
San Franc,,,,,,
Icelands,,,,,,
Blue Lagoon Spa,,,,,,
Poás volcano,,,,,,
Alaskas,,,,,,
Mount Kaputar National Park,,,,,,
erup,,,,,,
Anadolu,,,,,,
Los Angeles County,,,,,,
Bitcoin City,,,,,,
Conchagua,,,,,,
Victorias City,,,,,,
DRC,,,,,,
Goma,,,,,,
the Democratic Republic of Congo,,,,,,
Rwanda,,,,,,
Arkesini,,,,,,
Mount Sabyinyo,,,,,,
Bago City,,,,,,
Mount,,,,,,
Mount Fentale,,,,,,
Kentucky,,,,,,
solon,,,,,,
Columbia,,,,,,
the Kilauea Volcano,,,,,,
WELLINGTON,,,,,,
Whakaari,,,,,,
the Anak Krakatau,,,,,,
New South Wales,,,,,,
Kriill,,,,,,
The Northeast Pacific Is Preparing to Erupt,,,,,,
North Coast Con,,,,,,
Halmahera… Mount Ibu,,,,,,
Mount Ibu Erupts,,,,,,
Kabanna,,,,,,
HST,,,,,,
National Park,,,,,,
the Negros Island Region,,,,,,
the West Coast,,,,,,
Oregon Coast,,,,,,
Bordeaux Red,,,,,,
The Northeast Pacific Is Preparing,,,,,,
Mount Kaputar,,,,,,
the United States West Coast,,,,,,
Mount Vesuviu,,,,,,
Cascade Range,,,,,,
Mount Rainier National Park,,,,,,
the Kanlaon volcano,,,,,,
Seismolo,,,,,,
Cascades,,,,,,
N…,,,,,,
U.K.,,,,,,
Loa,,,,,,
Baby Volcano,,,,,,
Ea,,,,,,
Azores,,,,,,
Flores,,,,,,
Volcano Vista,,,,,,
Ear,,,,,,
southcen,,,,,,
southcentral,,,,,,
Mount Spurr Volcano,,,,,,
Virginia,,,,,,
Doswell,,,,,,
Bal…,,,,,,
The Mount Lewotobi Laki Laki,,,,,,
Thailand,,,,,,
Indonesias,,,,,,
Volcano Near,,,,,,
Flores Island,,,,,,
the Mount Lewotobi Laki Laki,,,,,,
New Yellowstone,,,,,,
Dublin,,,,,,
Tofua,,,,,,
the Cook Islands,,,,,,
Kilaueas,,,,,,
the Hawaiian Islands,,,,,,
Kyushu,,,,,,
Miyazaki,,,,,,
Launde,,,,,,
Alaskan Volcano,,,,,,
Arctic,,,,,,
Alotenango,,,,,,
Mount Erebus,,,,,,
Antarcticas Mount Erebus,,,,,,
Volcano Orange,,,,,,
East Jerusalem,,,,,,
Mount Stromboli,,,,,,
Volcano of Fire,,,,,,
Palin,,,,,,
Greenland Volcano Island,,,,,,
the East Coast,,,,,,
the National Ocean,,,,,,
SAN JUAN ALOTENANGO,,,,,,
Hawaiʻi,,,,,,
SAN JOSE,,,,,,
Guatemala City,,,,,,
Oceania,,,,,,
Kavachi volcano,,,,,,
ANCHORAGE,,,,,,
newl,,,,,,
West Fairbanks,,,,,,
West Valley High School,,,,,,
Kalapana,,,,,,
Volcanoes National Park,,,,,,
Pasadena,,,,,,
HILO,,,,,,
Jezero,,,,,,
Detroit,,,,,,
N Sulawesi,,,,,,
the Island of Hawaii,,,,,,
Volcano Bay Park,,,,,,
Java&rsquo;s,,,,,,
the United States Geological Survey's,,,,,,
the Rio Rancho Rams,,,,,,
Tomohon City,,,,,,
El Salvador's,,,,,,
Loma Caldera,,,,,,
Qatar,,,,,,
Porto,,,,,,
Kilauea Volcano Erupts,,,,,,
Wilmington,,,,,,
DE,,,,,,
Expe,,,,,,
Merapi,,,,,,
Central Florida,,,,,,
Madrid,,,,,,
Arcadia,,,,,,
Fiji,,,,,,
Andamans,,,,,,
volcani,,,,,,
Mount Fuji Erupting,,,,,,
Lido,,,,,,
the Baratang Island,,,,,,
Key West,,,,,,
Fagradalsfjall,,,,,,
Krasheni,,,,,,
Krasheninnikovvolcano,,,,,,
Second Eruption,,,,,,
the United States Geologica,,,,,,
Virginia Beach,,,,,,
West 42nd Street,,,,,,
Nuseirat,,,,,,
Gaza Strip,,,,,,
Wind River,,,,,,
Edinburgh,,,,,,
the West Side,,,,,,
Mount Vesuvius​,,,,,,
Caves,,,,,,
Fossilized Volcanoes Beneath China,,,,,,
Mount Etna Oozes Steaming Lava After Latest Rupture,,,,,,
Puri,,,,,,
Digha,,,,,,
Yellowstones magma,,,,,,
PORTLAND,,,,,,
Switzerland,,,,,,
La Cueva,,,,,,
Baratang Island,,,,,,
Vajasindi,,,,,,
Volcaholic,,,,,,
aloha,,,,,,
Canad,,,,,,
Iranian Volcano,,,,,,
the Northern Lights,,,,,,
the Bronze Age City Wiped Out,,,,,,
Chicago,,,,,,
Astonishing Island Destination Is Fringed By Black Volcanic Beaches And Pristine Seas,,,,,,
Kanlaon ash fall,,,,,,
Mailum,,,,,,
eaag3055,,,,,,
Sea,,,,,,
Lakeshore Lodge,,,,,,
PowerWash,,,,,,
Encanto,,,,,,
Kota Padang,,,,,,
Great Britain,,,,,,
Liloan,,,,,,
the East African Rift System,,,,,,
Behn,,,,,,
El Salvadors,,,,,,
NCR,,,,,,
Uttar Pradesh,,,,,,
the Anime Vanguards,,,,,,
Alberta,,,,,,
Poconos,,,,,,
Castiglione di Sicilia,,,,,,
Atacama Desert,,,,,,
west coast,,,,,,
Karangetang,,,,,,
Mount Karangetang,,,,,,
JoBlo,,,,,,
Poços de Caldas,,,,,,
Caldas,,,,,,
Antarctic,,,,,,
Bogar AR,,,,,,
Licancabur,,,,,,
the Atacama Large Millimeter,,,,,,
Eden of Wolves,,,,,,
Mount Redoubt,,,,,,
Sri Lanka,,,,,,
Lombok island,,,,,,
L,,,,,,
Karangasem,,,,,,
Indonesias Island,,,,,,
A.D.,,,,,,
Mt Taranaki,,,,,,
Ireland,,,,,,
Mount Kilauea's,,,,,,
Fascinating Volcano Trails,,,,,,
centuriesABC,,,,,,
Kr,,,,,,
the Kamchatka peninsula,,,,,,
Biggest Volcanic Earthquake,,,,,,
Iliamna Volcano,,,,,,
Britain,,,,,,
Martian Volcano,,,,,,
Moun… Skip,,,,,,
deadBBC,,,,,,
Brazils,,,,,,
SAO,,,,,,
SAO PAULO,,,,,,
Indonesias Mount Rinjani,,,,,,
Lombok,,,,,,
Copenhagen,,,,,,
Asanagi,,,,,,
Denmark,,,,,,
NIRAS,,,,,,
Ørestad,,,,,,
Mount Ile Lewotolok,,,,,,
Lembata,,,,,,
NITEROI,,,,,,
Mount Shinmoedake,,,,,,
June.</li><li,,,,,,
Campi Flegrei,,,,,,
Herriman,,,,,,
Nordic,,,,,,
Mount Shinmoe,,,,,,
Krasheninnikov Volcano,,,,,,
Mt Lewotobi,,,,,,
Kīlauea Volcano erupting,,,,,,
Klauea Volcano,,,,,,
Grand River,,,,,,
Lewotobi volcano,,,,,,
Talibura village,,,,,,
Sikka,,,,,,
Indonesia Mount,,,,,,
Mount Lewotobi Perempuan,,,,,,
Michigan,,,,,,
Jetstar,,,,,,
Mt Lewotobi Laki-Laki's,,,,,,
Shinmoedake volcano,,,,,,
BaliAir New Zealand,,,,,,
Maumere,,,,,,
Nusa,,,,,,
Tenggara province,,,,,,
Mount L…,,,,,,
Brisbane,,,,,,
New Hotels,,,,,,
Skjalfandafljot river,,,,,,
Northern Iceland,,,,,,
The United States Coast Guard,,,,,,
the Guadalupe River,,,,,,
Kerrville,,,,,,
the Hill Country,,,,,,
Ger Atelier,,,,,,
"the Volcano of Water 
",,,,,,
"the Pacific Ocean
",,,,,,
the Caspian Sea,,,,,,
spaceand,,,,,,
Italys Mount Vesuvius,,,,,,
RUSSIA,,,,,,
Klyuchevskoy Volcano,,,,,,
Petropavlovsk,,,,,,
North,,,,,,
Tallest Volcano Erupts,,,,,,
Ulanqab City,,,,,,
New Zealan,,,,,,
Inner Mongolia Autonomous Region,,,,,,
Mount Lewotobi Laki Laki,,,,,,
the Pacif… Moscow,,,,,,
the Far East,,,,,,
Kuril,,,,,,
Ku,,,,,,
The Krasheninnikov Volcano,,,,,,
Russias Far East,,,,,,
Kurile Islands,,,,,,
Illinois,,,,,,
the Volcano of Water,,,,,,
Padang,,,,,,
U.S,,,,,,
the Tanah Datar,,,,,,
Mount Lewotobi L,,,,,,
Perempuan,,,,,,
North Island,,,,,,
Kau,,,,,,
Washington S,,,,,,
SEATTLE,,,,,,
the Pacific Northwest’s,,,,,,
sma,,,,,,
Shallow Sea Mud Volcanoes,,,,,,
Geography Realm,,,,,,
Iliamna,,,,,,
Jan Mayen Island,,,,,,
Porcelain Basin,,,,,,
recen,,,,,,
the Pitchstone Plateau,,,,,,
Iceland Volcano Erupts For,,,,,,
Iceland Volcano Eruption,,,,,,
Southwest Iceland,,,,,,
simi,,,,,,
Volcanoes Keep Erupting,,,,,,
Milky Way,,,,,,
Anak KrakatauThe Anak Krakatau,,,,,,
