,summary,Impacts,Mitigation,Hazard,Causes,word
summaryOfAllWords,2544.5362708036746,597.8749246316173,750.1683141616967,914.3449537602938,282.1480782500846,
Iceland,7.235449645753507,0.02179158150532118,0.004815553991876053,-0.025505407032547348,0.02185085703976272,Iceland
Second,5.387862925338365,0.026152800457152063,-0.00045073791618194963,-0.03762473211612501,0.06270489635921864,Second
iceland second,4.101429152088481,0.030408244095461945,-0.006160060299726233,-0.050262197235824854,0.10414341025708165,iceland second
Biggest,5.433184189440219,0.026025319218867065,-0.0002893360568063438,-0.03725971954556411,0.061491525688806996,Biggest
second biggest,5.433184189440219,0.026025319218867065,-0.0002893360568063438,-0.03725971954556411,0.061491525688806996,second biggest
Volcano,5.908669831058784,-0.046982554841787684,-0.0729173958262541,0.08771311800643748,-0.012944810982117895,Volcano
biggest volcano,5.493583661937793,0.025857376054660118,-7.74649298064201e-05,-0.03677993521112818,0.05989511991432994,biggest volcano
Brink,5.594749046527441,0.02558094576504512,0.00026941798272467094,-0.03599286486791457,0.057272515170234496,Brink
volcano brink,5.594749046527441,0.02558094576504512,0.00026941798272467094,-0.03599286486791457,0.057272515170234496,volcano brink
Eruption,5.6971642228937025,0.025307104230958374,0.0006108220554351954,-0.03521635474305428,0.054680474717328065,Eruption
brink eruption,5.6971642228937025,0.025307104230958374,0.0006108220554351954,-0.03521635474305428,0.054680474717328065,brink eruption
Europe,5.8384457080933165,0.024938843636790713,0.0010665215484745676,-0.034177009679855194,0.0512037813695301,Europe
eruption europe,5.8384457080933165,0.024938843636790713,0.0010665215484745676,-0.034177009679855194,0.0512037813695301,eruption europe
Travel,5.960102985443935,0.02463018350259291,0.0014455206054141793,-0.03331011435328306,0.04829746290096725,Travel
europe travel,5.960102985443935,0.02463018350259291,0.0014455206054141793,-0.03331011435328306,0.04829746290096725,europe travel
Disruption,6.106881888207123,0.024267700198003214,0.0018872648337637475,-0.03229687384019385,0.044892914163429276,Disruption
travel disruption,6.106881888207123,0.024267700198003214,0.0018872648337637475,-0.03229687384019385,0.044892914163429276,travel disruption
Feared,5.317548113772465,0.026353124780981764,-0.0007053824300650447,-0.03819976145577894,0.06461440162921679,Feared
disruption feared,5.317548113772465,0.026353124780981764,-0.0007053824300650447,-0.03819976145577894,0.06461440162921679,disruption feared
Baroarbunga,5.603323462018101,0.02555779062793545,0.00029837124311845855,-0.035927083711693744,0.05705311235358107,Baroarbunga
feared baroarbunga,5.603323462018101,0.02555779062793545,0.00029837124311845855,-0.035927083711693744,0.05705311235358107,feared baroarbunga
one,6.525800632618013,0.008906976345063555,-0.011787363173026625,-0.003465707886058031,0.023139608396529142,one
baroarbunga one,6.431244324050566,0.023502586301345916,0.0028082467832556057,-0.030174727650467137,0.03773521835281134,baroarbunga one
the,49.66132354294819,-0.011751630940940358,0.014030277512100698,0.04752128793882476,-0.18696609790377808,the
one the,14.12033564077886,0.005365811333897258,0.006546057136548684,0.010665539482921446,-0.0657239505092333,one the
largest,7.964042642089992,0.020430933098541302,0.006365052363930462,-0.021861502587781845,0.009317409993892689,largest
the largest,7.964042642089992,0.020430933098541302,0.006365052363930462,-0.021861502587781845,0.009317409993892689,the largest
volcanoes,28.249306023845953,0.005381326776072415,0.02169568772522022,0.01555241779905442,-0.12844956536047555,volcanoes
largest volcanoes,11.791088882870886,0.015183352881817333,0.01202542954885853,-0.008291431840253959,-0.03856051600364885,largest volcanoes
volcanoes the,7.2320705027313075,0.021798278636169777,0.004807829274484263,-0.02552348860174446,0.021912741350765038,volcanoes the
whole,6.6201775061477015,0.023078103142431635,0.0033127727519358563,-0.029006728495441995,0.0337796465912666,whole
the whole,6.6201775061477015,0.023078103142431635,0.0033127727519358563,-0.029006728495441995,0.0337796465912666,the whole
whole iceland,4.01753473517984,0.03073821867153901,-0.006632228238294695,-0.051283204136983083,0.10744622486627338,whole iceland
has,6.822098055521835,0.022640382750703635,0.0038284199243641256,-0.027809054982283508,0.02971141509378161,has
iceland has,6.822098055521835,0.022640382750703635,0.0038284199243641256,-0.027809054982283508,0.02971141509378161,iceland has
seen,5.317548113772465,0.026353124780981764,-0.0007053824300650447,-0.03819976145577894,0.06461440162921679,seen
has see+n,5.317548113772465,0.026353124780981764,-0.0007053824300650447,-0.03819976145577894,0.06461440162921679,has see+n
130,5.1515077579124675,0.02683888716336484,-0.0013281361787623202,-0.03960162475945348,0.06925945588499055,130
see+n 130,5.1515077579124675,0.02683888716336484,-0.0013281361787623202,-0.03960162475945348,0.06925945588499055,see+n 130
earthquakes,5.035647315699565,0.027188934904221675,-0.0017816540434432105,-0.040618559856719826,0.07262021415283744,earthquakes
130 earthquakes,5.035647315699565,0.027188934904221675,-0.0017816540434432105,-0.040618559856719826,0.07262021415283744,130 earthquakes
shatter,4.75349100582087,0.02808258702016122,-0.002958331819644569,-0.0432413578168624,0.08125461797659335,shatter
earthquakes shatter,4.75349100582087,0.02808258702016122,-0.002958331819644569,-0.0432413578168624,0.08125461797659335,earthquakes shatter
its,6.379448045352126,0.021679798933105003,0.0006603794124546872,-0.026909883167605345,0.03714651895625398,its
shatter its,4.604577640192997,0.02857963988871006,-0.0036250791585846027,-0.04471741295746178,0.08609327672201951,shatter its
surrounding,4.538776956222094,0.028805277641017365,-0.003930767847159974,-0.04539169498200161,0.08829882562798509,surrounding
its surrounding,4.538776956222094,0.028805277641017365,-0.003930767847159974,-0.04539169498200161,0.08829882562798509,its surrounding
surfaces,4.368092782003062,0.02940873531054223,-0.0047579000832989864,-0.0472084083731489,0.09422648739282634,surfaces
surrounding surfaces,4.368092782003062,0.02940873531054223,-0.0047579000832989864,-0.0472084083731489,0.09422648739282634,surrounding surfaces
just,4.228063188656791,0.029924548320308445,-0.005476350612063567,-0.04877720763429417,0.09932829365540265,just
surfaces just,4.228063188656791,0.029924548320308445,-0.005476350612063567,-0.04877720763429417,0.09932829365540265,surfaces just
five,4.176682081610295,0.030118772612916872,-0.005749705239616039,-0.04937185276967813,0.1012580793517141,five
just five,4.176682081610295,0.030118772612916872,-0.005749705239616039,-0.04937185276967813,0.1012580793517141,just five
hours,4.128720205946826,0.030302565864844488,-0.006009837773422139,-0.04993658439701245,0.10308876417454015,hours
five hours,4.128720205946826,0.030302565864844488,-0.006009837773422139,-0.04993658439701245,0.10308876417454015,five hours
leading,4.066628813095351,0.03054417521248396,-0.006353993619500373,-0.05068200180318063,0.10550218464679859,leading
hours leading,4.066628813095351,0.03054417521248396,-0.006353993619500373,-0.05068200180318063,0.10550218464679859,hours leading
many,4.001933175414014,0.030800451648721736,-0.006721813081759269,-0.05147650405191819,0.10807081386581735,many
leading many,4.001933175414014,0.030800451648721736,-0.006721813081759269,-0.05147650405191819,0.10807081386581735,leading many
feel,3.942964507243758,0.031038197607818455,-0.007065637240814764,-0.05221715126324494,0.11046191477989695,feel
many feel,3.942964507243758,0.031038197607818455,-0.007065637240814764,-0.05221715126324494,0.11046191477989695,many feel
full,3.8954269048633665,0.031232825200973185,-0.007349001370507124,-0.05282609014043134,0.1124253643196207,full
feel full,3.8954269048633665,0.031232825200973185,-0.007349001370507124,-0.05282609014043134,0.1124253643196207,feel full
scale,3.8635278086002716,0.03136494665690633,-0.0075423486134274815,-0.053240825318957186,0.11376137408635212,scale
full scale,3.8635278086002716,0.03136494665690633,-0.0075423486134274815,-0.053240825318957186,0.11376137408635212,full scale
eruption,12.103797103544848,0.014851862256359294,0.012368910370974706,-0.007456532119623463,-0.0415746853371293,eruption
scale eruption,3.827288942036331,0.03151655414289416,-0.007765208352392554,-0.0537181008517807,0.11529759962124556,scale eruption
force,3.750300325764511,0.03184411106992902,-0.008250405042485778,-0.05475436820033963,0.11862850961172644,force
eruption force,3.750300325764511,0.03184411106992902,-0.008250405042485778,-0.05475436820033963,0.11862850961172644,eruption force
flights,3.7201414381242164,0.031974504420463935,-0.00844497990735304,-0.05516884804342555,0.11995905037280258,flights
force flights,3.7201414381242164,0.031974504420463935,-0.00844497990735304,-0.05516884804342555,0.11995905037280258,force flights
severely,3.655380357478155,0.032258577551135446,-0.008871750255606286,-0.05607577280850282,0.12286698362070031,severely
flights severely,3.655380357478155,0.032258577551135446,-0.008871750255606286,-0.05607577280850282,0.12286698362070031,flights severely
disrupted,3.6173827492806736,0.03242790381862088,-0.009128035442340502,-0.056618969539411416,0.12460643499593403,disrupted
severely disrupted,3.6173827492806736,0.03242790381862088,-0.009128035442340502,-0.056618969539411416,0.12460643499593403,severely disrupted
been,3.668822212132939,-0.005492088868214449,-0.0480411164219488,0.012804636106866468,0.09034751087809222,been
has been,3.5309177692507707,0.03282077012438128,-0.009728257429352929,-0.05788694947284058,0.12866036987068794,has been
been the,3.513865846122809,0.03289951997427747,-0.00984952872623401,-0.05814242595031738,0.1294760838268023,been the
unfor…,3.5006207000627967,0.03296098461055375,-0.009944406814285418,-0.058342134783360804,0.13011348470699588,unfor…
the unfor…,3.5006207000627967,0.03296098461055375,-0.009944406814285418,-0.058342134783360804,0.13011348470699588,the unfor…
Skip,5.362199673048601,0.007517270865920403,0.04317348027835727,-0.057666109215071065,0.047168077072982435,Skip
unfor… ski+p,3.478241755378763,0.033065427591230684,-0.010106083032474119,-0.05868211095153677,0.13119806300004064,unfor… ski+p
comments,5.3209523032691255,0.002247286365981867,0.0551307516551699,-0.06372157288090438,0.04362881019876712,comments
ski+p comments,5.3209523032691255,0.002247286365981867,0.0551307516551699,-0.06372157288090438,0.04362881019876712,ski+p comments
Icelands,3.422126578738882,0.03333064866438772,-0.010519250590715403,-0.05954900858841992,0.133960728476949,Icelands
icelands second,3.3976448637126224,0.03344787922643003,-0.010703083884347542,-0.059933838039109746,0.1351858018862912,icelands second
FearedEuroweekly,3.241755785239159,0.03421702704688363,-0.01192816990991604,-0.06248455984404527,0.1432856006391014,FearedEuroweekly
disruption fearedeuroweekly,3.241755785239159,0.03421702704688363,-0.01192816990991604,-0.06248455984404527,0.1432856006391014,disruption fearedeuroweekly
News,3.2109912418944875,0.03437364057613662,-0.012181767987972245,-0.06300958587776899,0.1449485042125876,News
fearedeuroweekly news,3.2109912418944875,0.03437364057613662,-0.012181767987972245,-0.06300958587776899,0.1449485042125876,fearedeuroweekly news
Jan,4.549469701870188,0.015522782700720217,0.027487345992887997,-0.05937172480732922,0.07655090064938325,Jan
news jan,3.1872536425837072,0.034495613911273516,-0.012380274153934117,-0.06341984538052481,0.14624689620762907,news jan
2025,8.182900953443367,0.010387152814086458,0.017677383668381046,-0.02084065996222252,-0.0027084174676899513,2025
jan 2025,4.521552337555366,0.01648214229064796,0.0253600538796016,-0.058744997152034184,0.07824203057479527,jan 2025
Connor,3.166378792832713,0.03460370437879756,-0.012556925793431076,-0.06378441500947128,0.1473999448676418,Connor
2025 connor,3.166378792832713,0.03460370437879756,-0.012556925793431076,-0.06378441500947128,0.1473999448676418,2025 connor
Morpurgo,3.1555699533416237,0.0346599803326364,-0.012649174372595672,-0.06397460040419818,0.1480011798660644,Morpurgo
connor morpurgo,3.1555699533416237,0.0346599803326364,-0.012649174372595672,-0.06397460040419818,0.1480011798660644,connor morpurgo
Posted,3.140619709122049,0.034738167465711796,-0.012777657195905828,-0.0642392658809031,0.14883755413023766,Posted
morpurgo posted,3.140619709122049,0.034738167465711796,-0.012777657195905828,-0.0642392658809031,0.14883755413023766,morpurgo posted
01/17/2025,3.1262151666886115,0.034813887044108136,-0.012902438594020888,-0.06449605893026215,0.14964870048230355,01/17/2025
posted 01/17/2025,3.1262151666886115,0.034813887044108136,-0.012902438594020888,-0.06449605893026215,0.14964870048230355,posted 01/17/2025
2:58:49,3.1109615385272877,0.03489448707134526,-0.01303564725030419,-0.06476992585537537,0.15051339986737897,2:58:49
01/17/2025 2:58:49,3.1109615385272877,0.03489448707134526,-0.01303564725030419,-0.06476992585537537,0.15051339986737897,01/17/2025 2:58:49
PST,3.0962889714769792,0.034972425266601694,-0.013164836222028894,-0.06503526380587477,0.15135079764411183,PST
2:58:49 pst,3.0962889714769792,0.034972425266601694,-0.013164836222028894,-0.06503526380587477,0.15135079764411183,2:58:49 pst
+4461,3.0821611985398576,0.0350478515327916,-0.013290219075997336,-0.06529253558223964,0.15216238953862948,+4461
pst +4461,3.0821611985398576,0.0350478515327916,-0.013290219075997336,-0.06529253558223964,0.15216238953862948,pst +4461
chars,6.247803937723211,-0.0006794572203623405,-0.00461115639106749,-0.0020851471803184506,0.02021558023757388,chars
+4461 char+s,3.074672788631571,0.035087984206814374,-0.013357076694013209,-0.06542961996952076,0.15259469699208722,+4461 char+s
Mount,7.205674553071235,-0.055161276111032685,0.16803031532282073,-0.10688517140088252,-0.04526061372357113,Mount
Shasta,7.341599177453694,-0.07176305724398777,0.19828424752791102,-0.123371425098968,-0.06211878358927775,Shasta
mount shasta,7.341599177453694,-0.07176305724398777,0.19828424752791102,-0.123371425098968,-0.06211878358927775,mount shasta
rangers,5.881495257586505,-0.08709639831800824,0.22801568924464527,-0.15241112896379272,-0.04715614684244862,rangers
shasta ranger+s,5.881495257586505,-0.08709639831800824,0.22801568924464527,-0.15241112896379272,-0.04715614684244862,shasta ranger+s
rescue,6.473248942397345,-0.18327979040168646,0.37292283944935667,-0.24861361346890035,-0.14329746767424698,rescue
ranger+s rescue,6.473248942397345,-0.18327979040168646,0.37292283944935667,-0.24861361346890035,-0.14329746767424698,ranger+s rescue
'particularly,5.918725710248641,-0.09330759460462663,0.2384880796504513,-0.15861635236944427,-0.053380504767522007,'particularly
rescue 'particularly,5.918725710248641,-0.09330759460462663,0.2384880796504513,-0.15861635236944427,-0.053380504767522007,rescue 'particularly
unprepared,5.63864474254924,-0.04203695736036283,0.14636351665989966,-0.10717720475753577,-0.002481201293882809,unprepared
'particularly unprepared,5.63864474254924,-0.04203695736036283,0.14636351665989966,-0.10717720475753577,-0.002481201293882809,'particularly unprepared
climber,5.55623738908375,-0.02275242931622586,0.1079889116704128,-0.08761783561189866,0.01619763769905335,climber
unprepared climber,5.55623738908375,-0.02275242931622586,0.1079889116704128,-0.08761783561189866,0.01619763769905335,unprepared climber
goose,4.02670066841743,0.00827270641687813,0.045912961846707366,-0.0751003008378828,0.08795540040400317,goose
climber goose,4.02670066841743,0.00827270641687813,0.045912961846707366,-0.0751003008378828,0.08795540040400317,climber goose
Every,4.053778613311424,0.012321970688651283,0.036624680220442934,-0.07032986393327757,0.09041737138767716,Every
goose every,4.053778613311424,0.012321970688651283,0.036624680220442934,-0.07032986393327757,0.09041737138767716,goose every
year,4.08561626355991,0.015876704747726338,0.028336945766338703,-0.06601521130565156,0.09229971016689364,year
every year,4.08561626355991,0.015876704747726338,0.028336945766338703,-0.06601521130565156,0.09229971016689364,every year
thousands,4.122123916202567,0.0190536352465446,0.020815523575192507,-0.06203560439756203,0.09371032034844264,thousands
year thousands,4.122123916202567,0.0190536352465446,0.020815523575192507,-0.06203560439756203,0.09371032034844264,year thousands
climbers,4.217969861757158,0.025011166828360475,0.006385906669930025,-0.054168974680311566,0.09546737954617553,climbers
thousands climbers,4.217969861757158,0.025011166828360475,0.006385906669930025,-0.054168974680311566,0.09546737954617553,thousands climbers
test,4.299391581972646,0.028618980772339583,-0.002586497397190854,-0.04907688747117549,0.09580981342931437,test
climbers test,4.299391581972646,0.028618980772339583,-0.002586497397190854,-0.04907688747117549,0.09580981342931437,climbers test
their,4.355392259576273,0.02945472645966058,-0.004821523183875251,-0.04734768046217456,0.09468003583130569,their
test their,4.355392259576273,0.02945472645966058,-0.004821523183875251,-0.04734768046217456,0.09468003583130569,test their
skills,4.434869773265833,0.02916944118024642,-0.004428215942010497,-0.04648564896626531,0.09187078400226864,skills
their skills,4.434869773265833,0.02916944118024642,-0.004428215942010497,-0.04648564896626531,0.09187078400226864,their skills
skills mount,3.802854197384989,-0.024105664195784273,0.11598435765404219,-0.11360682469064401,0.0690740980083933,skills mount
California,4.860958340768615,0.027735050532179357,-0.0024974308445482665,-0.04221672447379178,0.0778871143868155,California
shasta california,4.860958340768615,0.027735050532179357,-0.0024974308445482665,-0.04221672447379178,0.0778871143868155,shasta california
fifth-highest,5.2147967793000305,0.026651575032783276,-0.001087104020691612,-0.03905978982305627,0.06746578279089023,fifth-highest
california fifth-highest,5.2147967793000305,0.026651575032783276,-0.001087104020691612,-0.03905978982305627,0.06746578279089023,california fifth-highest
peak,5.80544750610305,0.025023894653164715,0.0009616195656734077,-0.034416556878777434,0.05200583310340872,peak
fifth-highest peak,5.80544750610305,0.025023894653164715,0.0009616195656734077,-0.034416556878777434,0.05200583310340872,fifth-highest peak
and,8.57341129841436,0.008123919011130997,0.008547752812814379,-0.009326435491660559,-0.010076075416180793,and
peak and,4.1561843351095185,0.021473697712867737,0.015007769720372693,-0.058910646723380436,0.09457936184224242,peak and
and the,4.355392259576273,0.02945472645966058,-0.004821523183875251,-0.04734768046217456,0.09468003583130569,and the
second-highest,6.836936000522791,0.022608839521742335,0.0038654019376164867,-0.027723007154263134,0.029418648708950643,second-highest
the second-highest,6.836936000522791,0.022608839521742335,0.0038654019376164867,-0.027723007154263134,0.029418648708950643,the second-highest
volcano,80.70005591258841,-0.0031628065188290637,0.029589543678362105,0.03527033090781969,-0.21009730060225215,volcano
second-highest volcano,11.791088882870886,0.015183352881817333,0.01202542954885853,-0.008291431840253959,-0.03856051600364885,second-highest volcano
volcano the,4.355392259576273,0.02945472645966058,-0.004821523183875251,-0.04734768046217456,0.09468003583130569,volcano the
Cascade,6.836936000522791,0.022608839521742335,0.0038654019376164867,-0.027723007154263134,0.029418648708950643,Cascade
the cascade,6.836936000522791,0.022608839521742335,0.0038654019376164867,-0.027723007154263134,0.029418648708950643,the cascade
Range,6.116064137354067,0.024245372651997377,0.0019143585299593966,-0.03223462984666588,0.04468350061188947,Range
cascade rang+e,6.116064137354067,0.024245372651997377,0.0019143585299593966,-0.03223462984666588,0.04468350061188947,cascade rang+e
2023,5.557786425340478,0.025681249397203013,0.00014381436109100982,-0.03627807880924349,0.058223421149448965,2023
around,5.43975613305871,0.0036312096452958274,-0.023427297565750845,0.0034110893204402793,0.04189248649353104,around
2023 around,5.317548113772465,0.026353124780981764,-0.0007053824300650447,-0.03819976145577894,0.06461440162921679,2023 around
"5,000",5.091907861620067,0.02701778246437149,-0.0015594050829171873,-0.040120624031329905,0.0709755594293843,"5,000"
"around 5,000",5.091907861620067,0.02701778246437149,-0.0015594050829171873,-0.040120624031329905,0.0709755594293843,"around 5,000"
"6,000",4.860958340768615,0.027735050532179357,-0.0024974308445482665,-0.04221672447379178,0.0778871143868155,"6,000"
"5,000 6,000",4.860958340768615,0.027735050532179357,-0.0024974308445482665,-0.04221672447379178,0.0778871143868155,"5,000 6,000"
people,4.733442839745785,0.028148438057221913,-0.0030461477949006452,-0.043436185603864086,0.08189412074360693,people
"6,000 people",4.733442839745785,0.028148438057221913,-0.0030461477949006452,-0.043436185603864086,0.08189412074360693,"6,000 people"
attempted,4.604577640192997,0.02857963988871006,-0.0036250791585846027,-0.04471741295746178,0.08609327672201951,attempted
people attempted,4.604577640192997,0.02857963988871006,-0.0036250791585846027,-0.04471741295746178,0.08609327672201951,people attempted
attempted the,4.448925149170364,0.029119605536483437,-0.004359838035329757,-0.04633551996012596,0.09138104477723706,attempted the
roughly,4.394130146559999,0.02931493045115698,-0.004628392867023385,-0.04692470741273969,0.09330221442532881,roughly
the roughly,4.394130146559999,0.02931493045115698,-0.004628392867023385,-0.04692470741273969,0.09330221442532881,the roughly
"14,180-foot",4.297530041665441,0.029052052147837525,-0.003626954748484966,-0.04864381609567739,0.09624288480481256,"14,180-foot"
"roughly 14,180-foot",4.297530041665441,0.029052052147837525,-0.003626954748484966,-0.04864381609567739,0.09624288480481256,"roughly 14,180-foot"
climb,4.191392132417125,0.024278664889506127,0.00823185992732414,-0.055364768574420055,0.09575416943290728,climb
"14,180-foot climb",4.191392132417125,0.024278664889506127,0.00823185992732414,-0.055364768574420055,0.09575416943290728,"14,180-foot climb"
climb the,4.448925149170364,0.029119605536483437,-0.004359838035329757,-0.04633551996012596,0.09138104477723706,climb the
summit,4.100238203792831,0.018249081440604543,0.022775059233516196,-0.06324711549516374,0.09380127083045739,summit
the summit,4.100238203792831,0.018249081440604543,0.022775059233516196,-0.06324711549516374,0.09380127083045739,the summit
with,4.055050062091084,0.01385945441277407,0.03309821425803,-0.06866851904681659,0.09168225504305813,with
summit with,4.055050062091084,0.01385945441277407,0.03309821425803,-0.06866851904681659,0.09168225504305813,summit with
about,4.135294297497019,-0.014820449755183063,0.014746834518696943,-0.023346959849113513,0.06434210808092092,about
with about,4.03092666037612,0.01074175843037702,0.04030904270425718,-0.07239493829838065,0.08990431626648114,with about
about ski+p,3.9959580460655517,0.004106871766234047,0.05535013310280624,-0.08006315230200672,0.08554400387819497,about ski+p
gooseSan,3.6368055923020846,-0.003357193820861227,0.07301335524444943,-0.09453040115230062,0.0935088201123199,gooseSan
climber goosesan,3.6368055923020846,-0.003357193820861227,0.07301335524444943,-0.09453040115230062,0.0935088201123199,climber goosesan
Francisco,3.59030465783583,0.001355289185806349,0.06289767359196383,-0.09039224935696105,0.09948792459461617,Francisco
goosesan francisco,3.59030465783583,0.001355289185806349,0.06289767359196383,-0.09039224935696105,0.09948792459461617,goosesan francisco
Chronicle,3.5451962597958904,0.0053836640794666536,0.05415163053778027,-0.08697257323005303,0.10485896831255063,Chronicle
francisco chronicle,3.5451962597958904,0.0053836640794666536,0.05415163053778027,-0.08697257323005303,0.10485896831255063,francisco chronicle
SFGate.com,3.49763884865118,0.009116009668840987,0.045970847675103746,-0.08393329581467812,0.11012041308663238,SFGate.com
chronicle sfgate.com,3.49763884865118,0.009116009668840987,0.045970847675103746,-0.08393329581467812,0.11012041308663238,chronicle sfgate.com
Updated,3.439132671063774,0.01308171155744059,0.03720326064045076,-0.08088683149880088,0.1161147649059615,Updated
sfgate.com updated,3.439132671063774,0.01308171155744059,0.03720326064045076,-0.08088683149880088,0.1161147649059615,sfgate.com updated
updated jan,3.414376163714906,0.01457862293804142,0.03387557412830879,-0.07979950304813058,0.11851578959853794,updated jan
12:14,3.3771776978809185,0.016650331064483773,0.02925559311332113,-0.07836488770644306,0.12199408304408212,12:14
2025 12:14,3.3771776978809185,0.016650331064483773,0.02925559311332113,-0.07836488770644306,0.12199408304408212,2025 12:14
p.m,3.3611114182623094,0.017484661132178503,0.02739073631305801,-0.07781347351057205,0.12345314611216435,p.m
12:14 p.m,3.3611114182623094,0.017484661132178503,0.02739073631305801,-0.07781347351057205,0.12345314611216435,12:14 p.m
Matt,3.3307881243803084,0.018968810861746743,0.024068185348206848,-0.07687557533691561,0.1261437132205487,Matt
LaFever,3.3187990081414958,0.019525001951509528,0.022821519871923577,-0.07653968365042872,0.1271865150722644,LaFever
matt lafever,3.3187990081414958,0.019525001951509528,0.022821519871923577,-0.07653968365042872,0.1271865150722644,matt lafever
North,3.2980812465714964,0.02044800240101577,0.020751123824070416,-0.07600301142823913,0.12896296103904065,North
lafever north,3.2980812465714964,0.02044800240101577,0.020751123824070416,-0.07600301142823913,0.12896296103904065,lafever north
Coast,3.2848411868251115,0.02101381328226834,0.019481122521333345,-0.07568777360866057,0.1300823868744861,Coast
north coast,3.2848411868251115,0.02101381328226834,0.019481122521333345,-0.07568777360866057,0.1300823868744861,north coast
Con…,3.2720253803119954,0.021544525755700736,0.018289433509586055,-0.07540229907026254,0.13115497996965705,Con…
coast con…,3.2720253803119954,0.021544525755700736,0.018289433509586055,-0.07540229907026254,0.13115497996965705,coast con…
+2185,3.259608507765885,0.022043450887656423,0.017168783081528662,-0.07514347642181803,0.13218448967297933,+2185
con… +2185,3.259608507765885,0.022043450887656423,0.017168783081528662,-0.07514347642181803,0.13218448967297933,con… +2185
+2185 chars,3.2475676057912435,0.022513486709777222,0.01611278871909539,-0.07490859662895945,0.133174228878873,+2185 chars
Hawaii,36.513081488686595,0.002984997942160087,0.02394574368849447,0.02116487737620894,-0.15092580689353,Hawaii
Kilauea,36.32363113377369,-0.0012798583461993962,0.019515753623597053,0.02842674328828773,-0.15446962908869646,Kilauea
hawaii kilauea,7.964042642089992,0.020430933098541302,0.006365052363930462,-0.021861502587781845,0.009317409993892689,hawaii kilauea
kilauea volcano,51.22220890239486,0.00013769387490613675,0.02657986809845681,0.02774663458637743,-0.17803353197915225,kilauea volcano
spewing,13.184790721501633,-0.0161267760259201,-0.017205061735231817,0.046553518209885174,-0.07815490505012829,spewing
volcano spewing,7.430485772640679,0.015803359498345704,-0.0005296707056837769,-0.014245067787601113,0.01340033815311273,volcano spewing
lava,34.49891102282511,-0.11442376223765448,-0.09659786584577436,0.19526867593554703,-0.2547404097987401,lava
spewing lava,13.305482756311786,-0.08377197462117436,-0.08635812320770868,0.14900670432590923,-0.13978799274721057,spewing lava
once,19.528238480167172,-0.02897576136454004,-0.021001847309506317,0.07021376673797591,-0.12776667176628745,once
lava once,8.94393315964585,-0.034450012328742674,-0.046688205056804905,0.07267860949107927,-0.05261980222301,lava once
again,25.744843941103447,-0.025196777840962654,-0.011302821595493019,0.06591568223850916,-0.14873181075686426,again
once again,19.285234877784042,-0.01541802901557728,-0.0074210909607856845,0.048219524568044174,-0.11430403042062796,once again
One,8.955095550312562,0.01069693828796602,-0.000182106832206871,-0.0029804250507033396,-0.012741131588197337,One
again one,5.729518112392791,0.011581905838808563,-0.013391469417661575,-0.00998950506173152,0.04199963949854184,again one
world,10.159096523857402,0.017114508378224647,0.009993968323654116,-0.013204476992963936,-0.020991785302134768,world
the world,10.159096523857402,0.017114508378224647,0.009993968323654116,-0.013204476992963936,-0.020991785302134768,the world
most,11.791088882870886,0.015183352881817333,0.01202542954885853,-0.008291431840253959,-0.03856051600364885,most
world most,11.791088882870886,0.015183352881817333,0.01202542954885853,-0.008291431840253959,-0.03856051600364885,world most
active,13.58367206477238,0.013419006137519259,0.013837565490054255,-0.0038741740798901936,-0.05460697807376383,active
most active,13.58367206477238,0.013419006137519259,0.013837565490054255,-0.0038741740798901936,-0.05460697807376383,most active
active volcanoes,20.230007018205324,0.00882191111281003,0.018399462902140683,0.00736125275465818,-0.09661288430547924,active volcanoes
back,11.528067440061573,0.015470931417945524,0.011726260113945754,-0.009017672917667086,-0.03594554327974823,back
volcanoes back,11.528067440061573,0.015470931417945524,0.011726260113945754,-0.009017672917667086,-0.03594554327974823,volcanoes back
action,10.01041946881007,0.01730971912131906,0.009785537936294521,-0.013706019997080456,-0.01921395496959351,action
back action,10.01041946881007,0.01730971912131906,0.009785537936294521,-0.013706019997080456,-0.01921395496959351,back action
HONOLULU,5.751627332931437,0.025163861837213464,0.0007885366528232911,-0.0348114186719967,0.0533269301346529,HONOLULU
honolulu one,5.6507189031464495,0.025430557411044427,0.00045718215457431194,-0.035566031718092674,0.05584829107077768,honolulu one
The,7.666103770727619,-0.03648485295922563,-0.05347530232091103,0.07433668277134231,-0.03637039024463065,The
the kilauea,7.964042642089992,0.020430933098541302,0.006365052363930462,-0.021861502587781845,0.009317409993892689,the kilauea
volcano hawaii,7.38833254421749,0.021492523265406415,0.005159493061377169,-0.024699473918459374,0.01908950192017343,volcano hawaii
Volcanoes,6.522621000986905,0.02329542810262391,0.0030550272237380195,-0.029603898633525937,0.03580348453490847,Volcanoes
hawaii volcanoes,6.522621000986905,0.02329542810262391,0.0030550272237380195,-0.029603898633525937,0.03580348453490847,hawaii volcanoes
National,5.818299857195372,0.022812498288765245,-0.001249776798726168,-0.030271551087457157,0.049794436739009226,National
volcanoes national,5.818299857195372,0.022812498288765245,-0.001249776798726168,-0.030271551087457157,0.049794436739009226,volcanoes national
Park,5.49004339344563,0.008116377677284103,-0.01846082364720847,-0.004395615938249133,0.04456949542770376,Park
national park,5.49004339344563,0.008116377677284103,-0.01846082364720847,-0.004395615938249133,0.04456949542770376,national park
park spewing,5.334125744992884,-0.013793264102983595,-0.042167549459016004,0.033072852113416824,0.029404196828714993,park spewing
again the,4.723283627946521,-0.004070235248610724,-0.036544446704078234,0.014721283304464088,0.0544477974232653,again the
seventh,4.6377534580217255,0.00047459866656724325,-0.03251602188845152,0.006534829106488746,0.060916300931001935,seventh
the seventh,4.6377534580217255,0.00047459866656724325,-0.03251602188845152,0.006534829106488746,0.060916300931001935,the seventh
recorded,4.494027403418537,0.0068352516048461945,-0.027108071713334174,-0.005203255117744274,0.07082253557901802,recorded
seventh recorded,4.494027403418537,0.0068352516048461945,-0.027108071713334174,-0.005203255117744274,0.07082253557901802,seventh recorded
episode,4.361732314616225,0.011572377821800277,-0.02333482916336847,-0.014202239163961431,0.07914259389291801,episode
recorded episode,4.361732314616225,0.011572377821800277,-0.02333482916336847,-0.014202239163961431,0.07914259389291801,recorded episode
recent,4.228236690476183,0.015526546708628764,-0.020432535997535903,-0.021926312715713242,0.08700205125202996,recent
episode recent,4.228236690476183,0.015526546708628764,-0.020432535997535903,-0.021926312715713242,0.08700205125202996,episode recent
+1028,4.116575484136928,0.01833690542681668,-0.018561263405167755,-0.027563790138264894,0.09329491486113135,+1028
recent +1028,4.116575484136928,0.01833690542681668,-0.018561263405167755,-0.027563790138264894,0.09329491486113135,recent +1028
+1028 char+s,4.06269806074828,0.01955938335013162,-0.017811063559701985,-0.03006223894931467,0.0962673895448659,+1028 char+s
When,8.20427384734694,0.02001553603017353,0.006830552847486839,-0.020760381070246924,0.005505014997168971,When
when volcano,11.791088882870886,0.015183352881817333,0.01202542954885853,-0.008291431840253959,-0.03856051600364885,when volcano
creates,7.964042642089992,0.020430933098541302,0.006365052363930462,-0.021861502587781845,0.009317409993892689,creates
volcano creates,7.964042642089992,0.020430933098541302,0.006365052363930462,-0.021861502587781845,0.009317409993892689,volcano creates
golden,6.833813746741973,0.006747666943026094,-0.012519447770268814,0.0009431163358464355,0.015552837462733695,golden
creates golden,6.833813746741973,0.006747666943026094,-0.012519447770268814,0.0009431163358464355,0.015552837462733695,creates golden
golden lava,6.548801692592953,-0.044117937736688456,-0.06644895185872644,0.08451383530506452,-0.02367980977679622,golden lava
called,7.53359728098783,0.0015273282288277626,-0.014821074147597858,0.011259046796688772,-0.0008167859492557257,called
Pele,5.3416719462348645,0.008853061297437938,-0.01866413504630607,-0.00610623254663838,0.04883625976509212,Pele
called pele,5.3416719462348645,0.008853061297437938,-0.01866413504630607,-0.00610623254663838,0.04883625976509212,called pele
Hair,6.912701460706588,0.011017732006496977,-0.007743951753098359,-0.006508737603997431,0.01789710054163909,Hair
pele hai+r,5.104947232774104,0.013520900826704358,-0.015449688120960472,-0.01517586301320555,0.058952180075320236,pele hai+r
hai+r and,6.745757334707123,0.012828959889440468,-0.006660185661464456,-0.010062251384014875,0.022479488526784858,hai+r and
actually,6.497283385822672,0.015208802304974818,-0.005422618310457541,-0.014837569122638183,0.029202488074855513,actually
and actually,4.757751656112853,0.018939662640937573,-0.012406108164365284,-0.026178154152015874,0.07324961421026464,and actually
rare,6.242193785510324,0.01728697174530774,-0.0045961097568804074,-0.01914219133521139,0.03602865322795624,rare
actually rar+e,6.242193785510324,0.01728697174530774,-0.0045961097568804074,-0.01914219133521139,0.03602865322795624,actually rar+e
type,6.141652755218511,0.01803604712061587,-0.004362896269095173,-0.020728267692704142,0.038731319547820484,type
rar+e typ+e,6.141652755218511,0.01803604712061587,-0.004362896269095173,-0.020728267692704142,0.038731319547820484,rar+e typ+e
volcanic,5.996416108010751,0.01906086194545989,-0.004106780039349163,-0.02293163039575617,0.04266380394009128,volcanic
typ+e volcanic,5.996416108010751,0.01906086194545989,-0.004106780039349163,-0.02293163039575617,0.04266380394009128,typ+e volcanic
rock,5.8518770849620605,0.02002304932437929,-0.0039382937418886415,-0.025038659505719152,0.046624037153271625,rock
volcanic rock,5.8518770849620605,0.02002304932437929,-0.0039382937418886415,-0.025038659505719152,0.046624037153271625,volcanic rock
Its,4.196325353433099,0.025426717096896072,-0.010441760755637023,-0.04040695077297657,0.09656602383569318,Its
its called,4.156524289504254,0.025813853068222793,-0.01041155109302616,-0.04130944195203304,0.09827736410051514,its called
Peles,4.091840391464552,0.02642733710764449,-0.010389537452089282,-0.04275545697130946,0.10108402220954288,Peles
called peles,4.091840391464552,0.02642733710764449,-0.010389537452089282,-0.04275545697130946,0.10108402220954288,called peles
peles hai+r,4.040833834867064,0.0268982163483715,-0.010395299383855756,-0.04387928177526621,0.10332122176753854,peles hai+r
and its,3.9709077085721223,0.027526599552239916,-0.010435536694781554,-0.04539911799824133,0.10642578140345081,and its
its actually,3.942063997795636,0.027780358030669302,-0.010462838094857797,-0.04601972436575901,0.10771987967178341,its actually
Fisch,2.7023968690536098,-0.29470377652903385,-0.36632405276220903,0.36878114124552214,-0.09306037822193475,Fisch
Roslit,3.0093291891195504,-0.40228186120424286,-0.47390213743741794,0.4588984021550791,-0.20063846289714365,Roslit
fisch roslit,2.5393213374294787,-0.23246152337867843,-0.30408179961185344,0.3075677593227051,-0.030818125071579237,fisch roslit
Bay,2.509140728045419,-0.22050502314627074,-0.2921252993794458,0.2949053452234211,-0.01886162483917148,Bay
roslit bay,2.509140728045419,-0.22050502314627074,-0.2921252993794458,0.2949053452234211,-0.01886162483917148,roslit bay
Timer,2.4055896709769398,-0.17835972698031619,-0.24998000321349137,0.24765426888461542,0.023283671326782978,Timer
bay timer,2.497323725454095,-0.21578431668912904,-0.28740459292230425,0.2898191250331892,-0.014140918382029912,bay timer
Guide,2.3937809006064503,-0.17343875077126752,-0.2450590270044427,0.241853811303227,0.028204647535831705,Guide
timer guide,2.3937809006064503,-0.17343875077126752,-0.2450590270044427,0.241853811303227,0.028204647535831705,timer guide
What,2.3856450653522003,-0.17003422346166872,-0.24165449969484387,0.23780418756378363,0.03160917484543051,What
guide what,2.3856450653522003,-0.17003422346166872,-0.24165449969484387,0.23780418756378363,0.03160917484543051,guide what
Going,2.3845051971250157,-0.16955630633698326,-0.24117658257015828,0.23723329166343649,0.03208709197011615,Going
what going,2.3845051971250157,-0.16955630633698326,-0.24117658257015828,0.23723329166343649,0.03208709197011615,what going
With,2.391004946137603,-0.17227842516037822,-0.24389870139355327,0.24047701374315,0.029364973146721023,With
going with,2.391004946137603,-0.17227842516037822,-0.24389870139355327,0.24047701374315,0.029364973146721023,going with
with roslit,2.4464939746218635,-0.19522063692585914,-0.2668409131590342,0.2670669559166472,0.006422761381240302,with roslit
roslit volcano,2.416968669312146,-0.18307880704095134,-0.25469908327412644,0.2531587983656185,0.01856459126614767,roslit volcano
Only,2.28475964655485,-0.12682549934845844,-0.19844577558163362,0.18364502966013524,0.07481789895864074,Only
fools,2.32922874846801,-0.1461018715789924,-0.2177221478121676,0.20845975912882442,0.05554152672810676,fools
only fools,2.32922874846801,-0.1461018715789924,-0.2177221478121676,0.20845975912882442,0.05554152672810676,only fools
fall,2.4148370054525463,-0.1821964602988088,-0.25381673653198383,0.25213386314823866,0.01944693800829055,fall
fools fall,2.4148370054525463,-0.1821964602988088,-0.25381673653198383,0.25213386314823866,0.01944693800829055,fools fall
fall lava,2.7452266378632544,-0.3104283034761257,-0.382048579709301,0.38310317010718653,-0.10878490516902667,fall lava
post,2.3803879036372386,-0.16782812716257722,-0.23944840339575235,0.23516388682917638,0.0338152711445219,post
the post,2.3803879036372386,-0.16782812716257722,-0.23944840339575235,0.23516388682917638,0.0338152711445219,the post
post fisch,2.3189798973630795,-0.1416920576078522,-0.21331233384102732,0.20287886336779545,0.0599513406992471,post fisch
appeared,2.115371374351731,-0.04979505583226716,-0.12141533206544215,0.0722884068083694,0.15184834247483206,appeared
first,2.1065862001491475,-0.0456333906676637,-0.11725366690083878,0.06564038667105052,0.1560100076394355,first
appeared first,2.1065862001491475,-0.0456333906676637,-0.11725366690083878,0.06564038667105052,0.1560100076394355,appeared first
Droid,2.0989410166541895,-0.04199760779308684,-0.11361788402626194,0.05977314357537957,0.15964579051401245,Droid
first droid,2.0989410166541895,-0.04199760779308684,-0.11361788402626194,0.05977314357537957,0.15964579051401245,first droid
Gamers,2.0943624856141074,-0.039813872293342614,-0.11143414852651785,0.05622218793324301,0.16182952601375641,Gamers
droid gamers,2.0943624856141074,-0.039813872293342614,-0.11143414852651785,0.05622218793324301,0.16182952601375641,droid gamers
you,2.239475020584891,-0.1068061406269054,-0.17842641686008048,0.15667315158238107,0.09483725768019388,you
you been,2.082575212681142,-0.034169878978467676,-0.10579015521164284,0.04694929384856392,0.16747351932863141,you been
sailing,2.079725140585156,-0.0328004090702331,-0.1044206853034083,0.044678321242165364,0.16884298923686591,sailing
been sailing,2.079725140585156,-0.0328004090702331,-0.1044206853034083,0.044678321242165364,0.16884298923686591,been sailing
sailing around,2.0754783175849907,-0.030756309655299324,-0.10237658588847436,0.04127317992365398,0.1708870886517999,sailing around
around the,2.0720431526056307,-0.029099818765717936,-0.1007200949988932,0.03850006807423615,0.17254357954138122,around the
isles,2.0701856848290263,-0.028202974108407233,-0.09982325034158232,0.03699353251620877,0.17344042419869174,isles
the isle+s,2.0701856848290263,-0.028202974108407233,-0.09982325034158232,0.03699353251620877,0.17344042419869174,the isle+s
isle+s fisch,2.066257942028519,-0.026303881875904923,-0.09792415810908014,0.033791411605146045,0.17533951643119414,isle+s fisch
lately,2.0638146850007693,-0.025120727227835607,-0.09674100346101078,0.031788172047666784,0.1765226710792635,lately
fisch lately,2.0638146850007693,-0.025120727227835607,-0.09674100346101078,0.031788172047666784,0.1765226710792635,fisch lately
lately you,2.086852140517099,-0.03622144576390786,-0.10784172199708286,0.050335969284038724,0.1654219525431914,lately you
might,2.059655201718038,-0.02310325902371551,-0.09472353525689065,0.02835754952348523,0.1785401392833837,might
you might,2.059655201718038,-0.02310325902371551,-0.09472353525689065,0.02835754952348523,0.1785401392833837,you might
notice,2.0575427208529593,-0.02207708486829111,-0.09369736110146619,0.026605389543196318,0.17956631343880802,notice
might notice,2.0575427208529593,-0.02207708486829111,-0.09369736110146619,0.026605389543196318,0.17956631343880802,might notice
something,2.055203074884399,-0.02093933099915025,-0.09255960723232536,0.02465700601090709,0.180704067307949,something
notice something,2.055203074884399,-0.02093933099915025,-0.09255960723232536,0.02465700601090709,0.180704067307949,notice something
rather,2.0520718793359802,-0.01941462364942647,-0.0910348998826016,0.022036513934367463,0.18222877465767268,rather
something rather,2.0520718793359802,-0.01941462364942647,-0.0910348998826016,0.022036513934367463,0.18222877465767268,something rather
strange,2.0500136780512443,-0.01841113338640869,-0.09003140961958384,0.020305887270144634,0.18323226492069059,strange
rather strang+e,2.0500136780512443,-0.01841113338640869,-0.09003140961958384,0.020305887270144634,0.18323226492069059,rather strang+e
strang+e about,2.0477832458488794,-0.017322532626512222,-0.0889428088596873,0.018423115032984102,0.18432086568058714,strang+e about
about one,2.046188988211083,-0.0165437009064923,-0.08816397713966746,0.017072659157747937,0.18509969740060692,about one
islands,2.0427050606385233,-0.014839607636268624,-0.08645988386944377,0.014107784986016083,0.18680379067083056,islands
the island+s,2.0427050606385233,-0.014839607636268624,-0.08645988386944377,0.014107784986016083,0.18680379067083056,the island+s
ominous,2.039953515458613,-0.01349168909484411,-0.08511196532801922,0.011752765374907777,0.18815170921225513,ominous
countdown,2.03822618911733,-0.012644582508227909,-0.08426485874140294,0.010268268239240071,0.1889988157988714,countdown
ominou+s countdown,2.03822618911733,-0.012644582508227909,-0.08426485874140294,0.010268268239240071,0.1889988157988714,ominou+s countdown
what,2.035387784626233,-0.011251026334893761,-0.08287130256806884,0.007818603875347514,0.19039237197220552,what
does,2.0344263093186146,-0.010778535305420773,-0.08239881153859596,0.006985894023403541,0.19086486300167826,does
what do+es,2.0344263093186146,-0.010778535305420773,-0.08239881153859596,0.006985894023403541,0.19086486300167826,what do+es
do+es the,2.0334903742717976,-0.010318380815479047,-0.08193865704865413,0.0061738801143727375,0.1913250174916202,do+es the
the fisch,2.0327592647340507,-0.009958781867784263,-0.0815790581009593,0.005538592330215787,0.1916846164393149,the fisch
timer,2.0298143872922836,-0.008509022080121326,-0.08012929831329652,0.0029709384963140326,0.19313437622697796,timer
mean,2.0288331824199086,-0.008025508853295117,-0.07964578508647041,0.0021122954243532866,0.193617889453804,mean
timer mean,2.0288331824199086,-0.008025508853295117,-0.07964578508647041,0.0021122954243532866,0.193617889453804,timer mean
Let,2.027879988955915,-0.007555574972703817,-0.07917585120587885,0.0012766615922603815,0.19408782333439537,Let
+1621,2.026801589650184,-0.007023646972809305,-0.07864392320598441,0.00032947227059574143,0.1946197513342898,+1621
let +1621,2.026801589650184,-0.007023646972809305,-0.07864392320598441,0.00032947227059574143,0.1946197513342898,let +1621
+1621 chars,2.0259047040182496,-0.006581036242306696,-0.07820131247548193,-0.00045974132340721507,0.19506236206479244,+1621 chars
shooting,22.160149672635843,-0.00784361686901244,0.003324114268237888,0.03656919986678994,-0.11990896706469005,shooting
kilauea shooting,5.5326650791695196,-0.006554274906605542,-0.03337508880988455,0.021316711553246263,0.03081421325458636,kilauea shooting
shooting lava,21.18675479128779,-0.08345014025436495,-0.07487808532598092,0.15150654578148187,-0.1847142156218421,shooting lava
lava again,9.992758294590029,-0.021055410567674574,-0.029704202580572006,0.052229353156556774,-0.05317915712598099,lava again
the hawaii,13.58367206477238,0.013419006137519259,0.013837565490054255,-0.0038741740798901936,-0.05460697807376383,the hawaii
hawaii volcano,20.230007018205324,0.00882191111281003,0.018399462902140683,0.00736125275465818,-0.09661288430547924,hawaii volcano
latest,12.395980058743945,0.014551822003578357,0.012678567082335921,-0.0067028712957691765,-0.04430295787589395,latest
volcano latest,12.395980058743945,0.014551822003578357,0.012678567082335921,-0.0067028712957691765,-0.04430295787589395,volcano latest
activity,10.664583953482511,0.016476749466956167,0.010670844118450366,-0.01157236668763141,-0.026796875644856555,activity
latest activity,10.664583953482511,0.016476749466956167,0.010670844118450366,-0.01157236668763141,-0.026796875644856555,latest activity
on-and-off,9.166196696199217,0.01849155381578437,0.008510534574265595,-0.01676300833135529,-0.008437619535453144,on-and-off
activity on-and-off,9.166196696199217,0.01849155381578437,0.008510534574265595,-0.01676300833135529,-0.008437619535453144,activity on-and-off
on-and-off eruption,10.664583953482511,0.016476749466956167,0.010670844118450366,-0.01157236668763141,-0.026796875644856555,on-and-off eruption
eruption kilauea,13.140387066523449,0.013826464841173197,0.01342248497987245,-0.0048886224630095045,-0.05089988141777217,eruption kilauea
began,22.743146985675324,0.007572999761944306,0.01960598230919068,0.010354050668197763,-0.10811840732357746,began
volcano began,22.743146985675324,0.007572999761944306,0.01960598230919068,0.010354050668197763,-0.10811840732357746,volcano began
began shooting,19.49500560807541,-0.0011332770064772129,0.007418940998965007,0.024343354957487667,-0.10231523805673716,began shooting
into,16.139284609181505,-0.03748330895795532,-0.034098643980552415,0.082285366106741,-0.11748610690571593,into
lava into,16.139284609181505,-0.03748330895795532,-0.034098643980552415,0.082285366106741,-0.11748610690571593,lava into
into the,17.93062191429818,-0.0038951392198712455,0.0027242812568570116,0.02845147352986913,-0.09710683427820334,into the
air,14.357343199028499,-0.015241945621862629,-0.014159551589283675,0.045773440129222805,-0.08593766286824739,air
the air,14.357343199028499,-0.015241945621862629,-0.014159551589283675,0.045773440129222805,-0.08593766286824739,the air
air once,13.792556157341615,-0.010323173638844283,-0.01011657413042499,0.03728112203306869,-0.07749799709585976,air once
again hawaii,19.42948153549866,0.009263269009537561,0.017970080602084614,0.0062979654662163355,-0.09255879802301151,again hawaii
Big,17.19951760717272,0.010629529309323904,0.016630139762782773,0.0029867603841419632,-0.08004291340159007,Big
hawaii big,17.19951760717272,0.010629529309323904,0.016630139762782773,0.0029867603841419632,-0.08004291340159007,hawaii big
Island,18.493916606592823,0.009810240313558004,0.017435646246400403,0.004975989277417894,-0.08754234797619072,Island
big island,18.493916606592823,0.009810240313558004,0.017435646246400403,0.004975989277417894,-0.08754234797619072,big island
Originally,6.72703676483236,0.014675397640466976,-0.004843855049304814,-0.01342675685482393,0.024440526663513158,Originally
Published,6.45409110037287,0.016587058879736858,-0.004217674759250956,-0.017426151056730618,0.031238862655784193,Published
originally published,6.45409110037287,0.016587058879736858,-0.004217674759250956,-0.017426151056730618,0.031238862655784193,originally published
February,6.225441378385488,0.01808165583478791,-0.003864294573194375,-0.02062882810974612,0.03706152472827229,February
published february,6.225441378385488,0.01808165583478791,-0.003864294573194375,-0.02062882810974612,0.03706152472827229,published february
february 2025,5.997485969619154,0.019489956601450215,-0.0036572100466242836,-0.023716456918788514,0.04301550120242917,february 2025
6:27,4.016700217820455,0.02711726565524184,-0.010404999075239106,-0.044406406774513414,0.10438762787233759,6:27
2025 6:27,4.016700217820455,0.02711726565524184,-0.010404999075239106,-0.044406406774513414,0.10438762787233759,2025 6:27
EST,5.763463509138128,0.020863999076084917,-0.003588077213206917,-0.02680298035779054,0.0493165499497879,EST
6:27 est,3.956325857509762,0.02765527018230807,-0.010448564666324973,-0.04571329530683067,0.10707898735438678,6:27 est
kilauea spewing,5.583897629706643,-0.00883449524715537,-0.03541169657164797,0.025331301416479192,0.027618622503264405,kilauea spewing
6:00,4.016700217820455,0.02711726565524184,-0.010404999075239106,-0.044406406774513414,0.10438762787233759,6:00
2025 6:00,4.016700217820455,0.02711726565524184,-0.010404999075239106,-0.044406406774513414,0.10438762787233759,2025 6:00
6:00 est,3.956325857509762,0.02765527018230807,-0.010448564666324973,-0.04571329530683067,0.10707898735438678,6:00 est
