0,1,2,3,4,word,summary
2870.1967648151435,2.7634674498847094,0.00044164180185515985,-0.00013520222483368038,-5.424962798947219e-05,summaryOfAllWords,2544.5362708036746
-6.211980646713426,-0.4570552803148882,-0.031796315753433245,-0.02607746689024261,0.026822365038455004,Iceland,7.235449645753507
-7.8430352172079045,0.4114795414816306,-0.04390327671429559,-0.0028573313442286363,0.018956471429773296,Second,5.387862925338365
-8.979041943268827,1.015842666068306,-0.056215568878209186,0.02573540364005339,0.008748188946899611,iceland second,4.101429152088481
-7.8030205324079915,0.39017949002850516,-0.043542768679475125,-0.0036286119399401018,0.019226199133459014,Biggest,5.433184189440219
-7.8030205324079915,0.39017949002850516,-0.043542768679475125,-0.0036286119399401018,0.019226199133459014,second biggest,5.433184189440219
-7.385027081420824,0.16239168433748397,0.12368446067311362,-0.060778776393054276,0.02292233837366444,Volcano,5.908669831058784
-7.749693647524872,0.3617924105908301,-0.0430685009781306,-0.004636752883518724,0.01957814844432682,biggest volcano,5.493583661937793
-7.660375709481941,0.3142443885610269,-0.042289490411273466,-0.006276311408366778,0.020148982214449336,Brink,5.594749046527441
-7.660375709481941,0.3142443885610269,-0.042289490411273466,-0.006276311408366778,0.020148982214449336,volcano brink,5.594749046527441
-7.569955911887944,0.26610726811501406,-0.04151973329042043,-0.00787595132326288,0.020703961571830402,Eruption,5.6971642228937025
-7.569955911887944,0.26610726811501406,-0.04151973329042043,-0.00787595132326288,0.020703961571830402,brink eruption,5.6971642228937025
-7.445224438752862,0.19969966309435794,-0.04048757797255009,-0.009988046248779067,0.021433542475414912,Europe,5.8384457080933165
-7.445224438752862,0.19969966309435794,-0.04048757797255009,-0.009988046248779067,0.021433542475414912,eruption europe,5.8384457080933165
-7.337820439291923,0.14251399537318132,-0.039625073680732543,-0.011723236397570988,0.022029987652120653,Travel,5.960102985443935
-7.337820439291923,0.14251399537318132,-0.039625073680732543,-0.011723236397570988,0.022029987652120653,europe travel,5.960102985443935
-7.208240417929901,0.07351734456720527,-0.03861513152501155,-0.013719430897288276,0.022712558275831112,Disruption,6.106881888207123
-7.208240417929901,0.07351734456720527,-0.03861513152501155,-0.013719430897288276,0.022712558275831112,travel disruption,6.106881888207123
-7.905117703800006,0.4445252629950125,-0.04447066853618872,-0.0016348991579510919,0.018528169432441753,Feared,5.317548113772465
-7.905117703800006,0.4445252629950125,-0.04447066853618872,-0.0016348991579510919,0.018528169432441753,disruption feared,5.317548113772465
-7.652805513303095,0.31021431040685643,-0.04222432737049214,-0.0064125221446863084,0.02019631627299973,Baroarbunga,5.603323462018101
-7.652805513303095,0.31021431040685643,-0.04222432737049214,-0.0064125221446863084,0.02019631627299973,feared baroarbunga,5.603323462018101
-6.838216766961994,-0.12322166798529688,-0.0017884996517114954,-0.02909924518085688,0.024667887145258468,one,6.525800632618013
-6.921893515135561,-0.07896451367720747,-0.03649357459027194,-0.017781544161471208,0.024088023835842364,baroarbunga one,6.431244324050566
31.232681270724576,-20.40354293389964,0.04950394509114264,0.13343099166193068,-0.061466428943600375,the,49.66132354294819
-0.13520271819199436,-3.6945535039269024,0.009299975280878581,-0.05014556791472854,0.030390315756403854,one the,14.12033564077886
-5.568849617123845,-0.7996263478719428,-0.028103955418400144,-0.031824479820957985,0.02862589594123171,largest,7.964042642089992
-5.568849617123845,-0.7996263478719428,-0.028103955418400144,-0.031824479820957985,0.02862589594123171,the largest,7.964042642089992
12.334855548816215,-10.337251795837558,0.010542880250428741,0.008134931706229573,0.002105335790556946,volcanoes,28.249306023845953
-2.190966553858889,-2.599167875323689,-0.014175696000013498,-0.04495734663534122,0.03158933048823667,largest volcanoes,11.791088882870886
-6.214963492749067,-0.45546652097231144,-0.031814580843434775,-0.026047238393935093,0.02681263868655745,volcanoes the,7.2320705027313075
-6.755108067957453,-0.16778588668579264,-0.03532230695679365,-0.019943863748435903,0.024811634466184725,whole,6.6201775061477015
-6.755108067957453,-0.16778588668579264,-0.03532230695679365,-0.019943863748435903,0.024811634466184725,the whole,6.6201775061477015
-9.053145104067134,1.0552327375147756,-0.05719553289556889,0.02817588486158612,0.007862973304713597,whole iceland,4.01753473517984
-6.576860999642464,-0.2627159174108735,-0.03411867914030832,-0.02210299549501553,0.025527185923099452,has,6.822098055521835
-6.576860999642464,-0.2627159174108735,-0.03411867914030832,-0.02210299549501553,0.025527185923099452,iceland has,6.822098055521835
-7.905117703800006,0.4445252629950125,-0.04447066853618872,-0.0016348991579510919,0.018528169432441753,seen,5.317548113772465
-7.905117703800006,0.4445252629950125,-0.04447066853618872,-0.0016348991579510919,0.018528169432441753,has see+n,5.317548113772465
-8.051721962935991,0.5225549042323903,-0.045851120681755245,0.0013817934067862359,0.017467263877010565,130,5.1515077579124675
-8.051721962935991,0.5225549042323903,-0.045851120681755245,0.0013817934067862359,0.017467263877010565,see+n 130,5.1515077579124675
-8.154023422587162,0.5769991213642256,-0.04685002734168824,0.003601142861347953,0.016683438389041558,earthquakes,5.035647315699565
-8.154023422587162,0.5769991213642256,-0.04685002734168824,0.003601142861347953,0.016683438389041558,130 earthquakes,5.035647315699565
-8.403172005787738,0.7095730430709879,-0.04941652374287576,0.009436666115011233,0.014610535931104923,shatter,4.75349100582087
-8.403172005787738,0.7095730430709879,-0.04941652374287576,0.009436666115011233,0.014610535931104923,earthquakes shatter,4.75349100582087
-6.967569679547065,-0.05454835266037339,-0.03216752286504749,-0.01854800846918346,0.023906237409605357,its,6.379448045352126
-8.534673112913124,0.7795316865215081,-0.050854610198002845,0.012786298091585852,0.01341373279289649,shatter its,4.604577640192997
-8.592781832537346,0.8104420070946698,-0.051510026992647874,0.014331079394705737,0.01286025607064465,surrounding,4.538776956222094
-8.592781832537346,0.8104420070946698,-0.051510026992647874,0.014331079394705737,0.01286025607064465,its surrounding,4.538776956222094
-8.743519759122677,0.8906142112369078,-0.053271129845925004,0.01853622982396061,0.011349078513212034,surfaces,4.368092782003062
-8.743519759122677,0.8906142112369078,-0.053271129845925004,0.01853622982396061,0.011349078513212034,surrounding surfaces,4.368092782003062
-8.867192990420474,0.9563781789778991,-0.05478625390033085,0.02221515444198427,0.010022004556663015,just,4.228063188656791
-8.867192990420474,0.9563781789778991,-0.05478625390033085,0.02221515444198427,0.010022004556663015,surfaces just,4.228063188656791
-8.912574332320034,0.9805065994054749,-0.055359175033471625,0.023620511393963317,0.009513918834948946,five,4.176682081610295
-8.912574332320034,0.9805065994054749,-0.055359175033471625,0.023620511393963317,0.009513918834948946,just five,4.176682081610295
-8.954936676798756,1.003028122541689,-0.05590257070728074,0.024960492417410052,0.009028910924087953,hours,4.128720205946826
-8.954936676798756,1.003028122541689,-0.05590257070728074,0.024960492417410052,0.009028910924087953,five hours,4.128720205946826
-9.009780377286141,1.0321825998424217,-0.056618771361608825,0.026736918746329386,0.008385120324196159,leading,4.066628813095351
-9.009780377286141,1.0321825998424217,-0.056618771361608825,0.026736918746329386,0.008385120324196159,hours leading,4.066628813095351
-9.066926171368177,1.062557518035305,-0.05738080788665653,0.02863969872768682,0.007694551111368214,many,4.001933175414014
-9.066926171368177,1.062557518035305,-0.05738080788665653,0.02863969872768682,0.007694551111368214,leading many,4.001933175414014
-9.119015036864333,1.090241372763939,-0.05808995450489095,0.030421930330140234,0.007046842753803281,feel,3.942964507243758
-9.119015036864333,1.090241372763939,-0.05808995450489095,0.030421930330140234,0.007046842753803281,many feel,3.942964507243758
-9.161007735440313,1.112557087821253,-0.05867209874949205,0.031893136488675644,0.006511544554109225,full,3.8954269048633665
-9.161007735440313,1.112557087821253,-0.05867209874949205,0.031893136488675644,0.006511544554109225,feel full,3.8954269048633665
-9.189186693092253,1.127530721164098,-0.05906812081152956,0.03289811730576339,0.006145567436420481,scale,3.8635278086002716
-9.189186693092253,1.127530721164098,-0.05906812081152956,0.03289811730576339,0.006145567436420481,full scale,3.8635278086002716
-1.9149693168384943,-2.746209239679207,-0.01331120519519493,-0.045179619235532015,0.031505708634263885,eruption,12.103797103544848
-9.22119996411427,1.1445406075232054,-0.059523395275731444,0.034057562860953905,0.005723030280246941,scale eruption,3.827288942036331
-9.289213819698979,1.180674518196379,-0.060510172192822995,0.036585419934252184,0.004800688641342289,force,3.750300325764511
-9.289213819698979,1.180674518196379,-0.060510172192822995,0.036585419934252184,0.004800688641342289,eruption force,3.750300325764511
-9.315857943389986,1.1948280792215924,-0.06090419560564807,0.037600393057475395,0.00442993816704889,flights,3.7201414381242164
-9.315857943389986,1.1948280792215924,-0.06090419560564807,0.037600393057475395,0.00442993816704889,force flights,3.7201414381242164
-9.373073539427192,1.2252179459423094,-0.061765037319767964,0.0398287625525785,0.003615151714162934,severely,3.655380357478155
-9.373073539427192,1.2252179459423094,-0.061765037319767964,0.0398287625525785,0.003615151714162934,flights severely,3.655380357478155
-9.406645184931463,1.2430470923947057,-0.062279761899376396,0.04116822969087561,0.0031248688432656824,disrupted,3.6173827492806736
-9.406645184931463,1.2430470923947057,-0.062279761899376396,0.04116822969087561,0.0031248688432656824,severely disrupted,3.6173827492806736
-9.360566044847305,1.2196243968615677,0.028055968587624828,0.013628739363993433,0.003902950361163178,been,3.668822212132939
-9.483042342670693,1.2836131036940999,-0.06347873233108663,0.044308386918078285,0.0019740247457318283,has been,3.5309177692507707
-9.49810939239988,1.2916123636346533,-0.06371987191266004,0.04494328681801857,0.0017410981523956065,been the,3.513865846122809
-9.509812926983239,1.2978256202609626,-0.06390827219924677,0.04544009878302477,0.0015587771183987256,unfor…,3.5006207000627967
-9.509812926983239,1.2978256202609626,-0.06390827219924677,0.04544009878302477,0.0015587771183987256,the unfor…,3.5006207000627967
-7.86607561438696,0.42234410739235084,-0.07559358723776725,-0.040128371121237766,-0.003620121806217319,Skip,5.362199673048601
-9.529587467171755,1.3083231107026236,-0.06422879266525963,0.04628685582883696,0.0012479226964113646,unfor… ski+p,3.478241755378763
-7.902730140491524,0.4411499344167926,-0.08472113204518772,-0.05003333672298976,-0.010151263172124572,comments,5.3209523032691255
-7.902730140491524,0.4411499344167926,-0.08472113204518772,-0.05003333672298976,-0.010151263172124572,ski+p comments,5.3209523032691255
-9.579173787273131,1.3346432572666242,-0.06504491294549854,0.048451594384755964,0.00045260555830956006,Icelands,3.422126578738882
-9.600807898089954,1.3461250423819509,-0.06540666307696526,0.049415079647343874,9.834633406446275e-05,icelands second,3.3976448637126224
-9.738576690342578,1.4192195383741615,-0.06779601170565894,0.05583834162956999,-0.0022675337439627477,FearedEuroweekly,3.241755785239159
-9.738576690342578,1.4192195383741615,-0.06779601170565894,0.05583834162956999,-0.0022675337439627477,disruption fearedeuroweekly,3.241755785239159
-9.765767855522348,1.4336409950003544,-0.06828600484019669,0.0571680697585763,-0.002758168430918237,News,3.2109912418944875
-9.765767855522348,1.4336409950003544,-0.06828600484019669,0.0571680697585763,-0.002758168430918237,fearedeuroweekly news,3.2109912418944875
-8.583506235959675,0.8047655185001186,-0.07398268740106491,-0.01272865618860601,-0.00313359785870556,Jan,4.549469701870188
-9.786748912997018,1.4447675473151438,-0.06866845645784106,0.05820884345950875,-0.0031423813386159127,news jan,3.1872536425837072
-5.375669923055787,-0.9027443646252009,-0.029051099796437906,-0.04836552634338054,0.02175228158534045,2025,8.182900953443367
-8.608137422638091,0.81794465633293,-0.07282193017071346,-0.010336547466885546,-0.0023442258706882282,jan 2025,4.521552337555366
-9.805200131824236,1.4545515785486345,-0.06900799611174253,0.05913494513192227,-0.003484403022269787,Connor,3.166378792832713
-9.805200131824236,1.4545515785486345,-0.06900799611174253,0.05913494513192227,-0.003484403022269787,2025 connor,3.166378792832713
-9.814754210738922,1.45961742764582,-0.06918500486164397,0.059618520875696274,-0.0036630461138600703,Morpurgo,3.1555699533416237
-9.814754210738922,1.45961742764582,-0.06918500486164397,0.059618520875696274,-0.0036630461138600703,connor morpurgo,3.1555699533416237
-9.827969135714614,1.4666239714849854,-0.06943119735205759,0.06029198692897364,-0.003911897600400921,Posted,3.140619709122049
-9.827969135714614,1.4666239714849854,-0.06943119735205759,0.06029198692897364,-0.003911897600400921,morpurgo posted,3.140619709122049
-9.84070192580352,1.4733744509931384,-0.0696699153964197,0.06094598558832262,-0.004153620694004871,01/17/2025,3.1262151666886115
-9.84070192580352,1.4733744509931384,-0.0696699153964197,0.06094598558832262,-0.004153620694004871,posted 01/17/2025,3.1262151666886115
-9.854185504364139,1.4805224969860338,-0.06992434102139096,0.06164407343205283,-0.00441170936188523,2:58:49,3.1109615385272877
-9.854185504364139,1.4805224969860338,-0.06992434102139096,0.06164407343205283,-0.00441170936188523,01/17/2025 2:58:49,3.1109615385272877
-9.867155690822795,1.487397909375703,-0.07017068108795184,0.0623210098705643,-0.004662046319782023,PST,3.0962889714769792
-9.867155690822795,1.487397909375703,-0.07017068108795184,0.0623210098705643,-0.004662046319782023,2:58:49 pst,3.0962889714769792
-9.879644520586037,1.4940177155024805,-0.07040938014969521,0.06297791452498086,-0.004905038781143171,+4461,3.0821611985398576
-9.879644520586037,1.4940177155024805,-0.07040938014969521,0.06297791452498086,-0.004905038781143171,pst +4461,3.0821611985398576
-7.083554779659639,0.007402571785269707,-0.0012980603303860579,-0.04022761486123655,0.01701920878147614,chars,6.247803937723211
-9.886264302378864,1.4975264064755593,-0.07053650698748709,0.063328156483107,-0.005034620413252415,+4461 char+s,3.074672788631571
-6.244125028156972,-0.4559686570145498,-0.15152031735937802,-0.17398650825463485,-0.05878493153188823,Mount,7.205674553071235
-6.126602111065673,-0.52487799156025,-0.17342530188515518,-0.20445105109084963,-0.07473386158735665,Shasta,7.341599177453694
-6.126602111065673,-0.52487799156025,-0.17342530188515518,-0.20445105109084963,-0.07473386158735665,mount shasta,7.341599177453694
-7.418528580754551,0.15552737575668063,-0.20837575963472288,-0.22017190026613412,-0.0991380647785634,rangers,5.881495257586505
-7.418528580754551,0.15552737575668063,-0.20837575963472288,-0.22017190026613412,-0.0991380647785634,shasta ranger+s,5.881495257586505
-6.918386996654476,-0.16650379228153422,-0.31841563348509727,-0.38275454144013094,-0.1799604366461886,rescue,6.473248942397345
-6.918386996654476,-0.16650379228153422,-0.31841563348509727,-0.38275454144013094,-0.1799604366461886,ranger+s rescue,6.473248942397345
-7.386807886564076,0.13573397255097408,-0.2161183313095288,-0.2312148544665778,-0.1047708660924224,'particularly,5.918725710248641
-7.386807886564076,0.13573397255097408,-0.2161183313095288,-0.2312148544665778,-0.1047708660924224,rescue 'particularly,5.918725710248641
-7.626061394299843,0.28360262023903937,-0.14871106581482135,-0.1375899131264689,-0.055975991332597834,unprepared,5.63864474254924
-7.626061394299843,0.28360262023903937,-0.14871106581482135,-0.1375899131264689,-0.055975991332597834,'particularly unprepared,5.63864474254924
-7.696752275262754,0.3266696802910496,-0.12099696702824707,-0.1008438575419135,-0.03606049492254807,climber,5.55623738908375
-7.696752275262754,0.3266696802910496,-0.12099696702824707,-0.1008438575419135,-0.03606049492254807,unprepared climber,5.55623738908375
-9.045501298247515,1.0495108647808464,-0.09503278736280904,-0.017059469798289303,-0.019114687374329566,goose,4.02670066841743
-9.045501298247515,1.0495108647808464,-0.09503278736280904,-0.017059469798289303,-0.019114687374329566,climber goose,4.02670066841743
-9.021424773319776,1.0371991254770152,-0.08784357518415332,-0.00966316298714126,-0.013913333482983022,Every,4.053778613311424
-9.021424773319776,1.0371991254770152,-0.08784357518415332,-0.00966316298714126,-0.013913333482983022,goose every,4.053778613311424
-8.993190638089793,1.0225540162199576,-0.08132905705851319,-0.003282048115802072,-0.009189470044280015,year,4.08561626355991
-8.993190638089793,1.0225540162199576,-0.08132905705851319,-0.003282048115802072,-0.009189470044280015,every year,4.08561626355991
-8.960865961147864,1.0056433550433423,-0.07531804105801125,0.002306146152520755,-0.004820826833082097,thousands,4.122123916202567
-8.960865961147864,1.0056433550433423,-0.07531804105801125,0.002306146152520755,-0.004820826833082097,year thousands,4.122123916202567
-8.876121622144597,0.9609643322457797,-0.06345695529385666,0.012395991277856747,0.003828683243436673,climbers,4.217969861757158
-8.876121622144597,0.9609643322457797,-0.06345695529385666,0.012395991277856747,0.003828683243436673,thousands climbers,4.217969861757158
-8.804194182041538,0.9228556382385951,-0.05581301271991203,0.01818519159576057,0.009422393555016693,test,4.299391581972646
-8.804194182041538,0.9228556382385951,-0.05581301271991203,0.01818519159576057,0.009422393555016693,climbers test,4.299391581972646
-8.75473648348688,0.8965792973264852,-0.053405849497695765,0.018861096755470486,0.011232072220195073,their,4.355392259576273
-8.75473648348688,0.8965792973264852,-0.053405849497695765,0.018861096755470486,0.011232072220195073,test their,4.355392259576273
-8.684545219892097,0.8592497523502756,-0.05257133270630194,0.01685592813298306,0.011953682951525109,skills,4.434869773265833
-8.684545219892097,0.8592497523502756,-0.05257133270630194,0.01685592813298306,0.011953682951525109,their skills,4.434869773265833
-9.245616717801799,1.149318119931935,-0.15045526370377477,-0.07359922957129847,-0.05947299883353222,skills mount,3.802854197384989
-8.308274357437197,0.6590811158889784,-0.048415577046541,0.007138538334402922,0.01542881913631957,California,4.860958340768615
-8.308274357437197,0.6590811158889784,-0.048415577046541,0.007138538334402922,0.01542881913631957,shasta california,4.860958340768615
-7.995840712408979,0.4928133182424208,-0.045318032511007994,0.0002098004570495332,0.017880072142577856,fifth-highest,5.2147967793000305
-7.995840712408979,0.4928133182424208,-0.045318032511007994,0.0002098004570495332,0.017880072142577856,california fifth-highest,5.2147967793000305
-7.474356921249255,0.21521031009177038,-0.04072565489944792,-0.009504268324328463,0.021266766722364782,peak,5.80544750610305
-7.474356921249255,0.21521031009177038,-0.04072565489944792,-0.009504268324328463,0.021266766722364782,fifth-highest peak,5.80544750610305
-5.03090648207769,-1.0862196275896516,-0.01371428428242178,-0.04866690211810626,0.02540612511971133,and,8.57341129841436
-8.930736373284919,0.9898000697561629,-0.07060107073082308,0.006473609569995403,-0.0013856961231854328,peak and,4.1561843351095185
-8.75473648348688,0.8965792973264852,-0.053405849497695765,0.018861096755470486,0.011232072220195073,and the,4.355392259576273
-6.563762803600563,-0.2696918749814632,-0.03403210307691231,-0.0222557633280219,0.02557752354800151,second-highest,6.836936000522791
-6.563762803600563,-0.2696918749814632,-0.03403210307691231,-0.0222557633280219,0.02557752354800151,the second-highest,6.836936000522791
58.628180766359364,-34.9920088886537,0.028852603788421707,0.36900688960103933,-0.1675517784272627,volcano,80.70005591258841
-2.190966553858889,-2.599167875323689,-0.014175696000013498,-0.04495734663534122,0.03158933048823667,second-highest volcano,11.791088882870886
-8.75473648348688,0.8965792973264852,-0.053405849497695765,0.018861096755470486,0.011232072220195073,volcano the,4.355392259576273
-6.563762803600563,-0.2696918749814632,-0.03403210307691231,-0.0222557633280219,0.02557752354800151,Cascade,6.836936000522791
-6.563762803600563,-0.2696918749814632,-0.03403210307691231,-0.0222557633280219,0.02557752354800151,the cascade,6.836936000522791
-7.200134184493,0.06920094407701738,-0.038553026121045775,-0.013840902193346827,0.02275396180612437,Range,6.116064137354067
-7.200134184493,0.06920094407701738,-0.038553026121045775,-0.013840902193346827,0.02275396180612437,cascade rang+e,6.116064137354067
-7.693009465870217,0.33161712638941765,-0.04257192543643223,-0.005684256193074319,0.019943077653491174,2023,5.557786425340478
-7.796903244353736,0.38739229876560044,0.009581885436970155,-0.019464667103681804,0.019525722228388488,around,5.43975613305871
-7.905117703800006,0.4445252629950125,-0.04447066853618872,-0.0016348991579510919,0.018528169432441753,2023 around,5.317548113772465
-8.104346619742872,0.5505620141336198,-0.046361182532654525,0.0025112899718844756,0.01706868656300005,"5,000",5.091907861620067
-8.104346619742872,0.5505620141336198,-0.046361182532654525,0.0025112899718844756,0.01706868656300005,"around 5,000",5.091907861620067
-8.308274357437197,0.6590811158889784,-0.048415577046541,0.007138538334402922,0.01542881913631957,"6,000",4.860958340768615
-8.308274357437197,0.6590811158889784,-0.048415577046541,0.007138538334402922,0.01542881913631957,"5,000 6,000",4.860958340768615
-8.420875610354642,0.7189919825521911,-0.04960660073124798,0.009876200300412807,0.014453763928271038,people,4.733442839745785
-8.420875610354642,0.7189919825521911,-0.04960660073124798,0.009876200300412807,0.014453763928271038,"6,000 people",4.733442839745785
-8.534673112913124,0.7795316865215081,-0.050854610198002845,0.012786298091585852,0.01341373279289649,attempted,4.604577640192997
-8.534673112913124,0.7795316865215081,-0.050854610198002845,0.012786298091585852,0.01341373279289649,people attempted,4.604577640192997
-8.672132313829419,0.8526478503334638,-0.05242583417467497,0.016508099741103094,0.012078713351070518,attempted the,4.448925149170364
-8.720524507826836,0.878384957457575,-0.052996574561758436,0.017875541008624152,0.011586924728187072,roughly,4.394130146559999
-8.720524507826836,0.878384957457575,-0.052996574561758436,0.017875541008624152,0.011586924728187072,the roughly,4.394130146559999
-8.805838455556408,0.9237405830272598,-0.05509360758274391,0.019105752980674795,0.009931114085926368,"14,180-foot",4.297530041665441
-8.805838455556408,0.9237405830272598,-0.05509360758274391,0.019105752980674795,0.009931114085926368,"roughly 14,180-foot",4.297530041665441
-8.899602771087821,0.9734108721456329,-0.06518389333130714,0.011434326920522236,0.0025464405310474114,climb,4.191392132417125
-8.899602771087821,0.9734108721456329,-0.06518389333130714,0.011434326920522236,0.0025464405310474114,"14,180-foot climb",4.191392132417125
-8.672132313829419,0.8526478503334638,-0.05242583417467497,0.016508099741103094,0.012078713351070518,climb the,4.448925149170364
-8.980215311079295,1.0158627149024695,-0.07707439167011537,0.0011484092044816568,-0.006120728606886575,summit,4.100238203792831
-8.980215311079295,1.0158627149024695,-0.07707439167011537,0.0011484092044816568,-0.006120728606886575,the summit,4.100238203792831
-9.020250694560016,1.0367366825071165,-0.08526310605155636,-0.00664395030686743,-0.012066818578852383,with,4.055050062091084
-9.020250694560016,1.0367366825071165,-0.08526310605155636,-0.00664395030686743,-0.012066818578852383,summit with,4.055050062091084
-8.948447966605697,1.000393582127623,-0.028435374570858235,-0.03283209648761068,-0.014949867108354241,about,4.135294297497019
-9.041668796478618,1.0477759308969672,-0.0908858252024472,-0.012291824711289617,-0.016139692429888088,with about,4.03092666037612
-9.072853905809097,1.0634675217992746,-0.10241534456044245,-0.024532016764939754,-0.02446944339960693,about ski+p,3.9959580460655517
-9.390614787596235,1.2309185255963713,-0.12162565828982129,-0.030161787313250712,-0.03924710173810451,gooseSan,3.6368055923020846
-9.390614787596235,1.2309185255963713,-0.12162565828982129,-0.030161787313250712,-0.03924710173810451,climber goosesan,3.6368055923020846
-9.431415641653535,1.2533809062486525,-0.11506600335178095,-0.019830618176561926,-0.03469572356233085,Francisco,3.59030465783583
-9.431415641653535,1.2533809062486525,-0.11506600335178095,-0.019830618176561926,-0.03469572356233085,goosesan francisco,3.59030465783583
-9.471060232516898,1.2750353949895716,-0.10951881254201606,-0.010772377656552382,-0.03087506550386459,Chronicle,3.5451962597958904
-9.471060232516898,1.2750353949895716,-0.10951881254201606,-0.010772377656552382,-0.03087506550386459,francisco chronicle,3.5451962597958904
-9.512912080528755,1.2977509883726328,-0.10446315981808402,-0.0021445448175041737,-0.02742419804271095,SFGate.com,3.49763884865118
-9.512912080528755,1.2977509883726328,-0.10446315981808402,-0.0021445448175041737,-0.02742419804271095,chronicle sfgate.com,3.49763884865118
-9.56445800412774,1.3255717402341571,-0.09923012104500238,0.007341504573342816,-0.02389757264849427,Updated,3.439132671063774
-9.56445800412774,1.3255717402341571,-0.09923012104500238,0.007341504573342816,-0.02389757264849427,sfgate.com updated,3.439132671063774
-9.58628466536128,1.3373110894236835,-0.09730670388013,0.011028296626586526,-0.022617466863113507,updated jan,3.414376163714906
-9.61909455701756,1.3549206333197568,-0.09470636122249194,0.016247644807884487,-0.02090565439823438,12:14,3.3771776978809185
-9.61909455701756,1.3549206333197568,-0.09470636122249194,0.016247644807884487,-0.02090565439823438,2025 12:14,3.3771776978809185
-9.633269810230058,1.362516684616361,-0.09368293425266376,0.0183930409763971,-0.02023922018453069,p.m,3.3611114182623094
-9.633269810230058,1.362516684616361,-0.09368293425266376,0.0183930409763971,-0.02023922018453069,12:14 p.m,3.3611114182623094
-9.660030283800626,1.3768396342267952,-0.0919022449877017,0.02227970267203075,-0.019091972661928587,Matt,3.3307881243803084
-9.670612791309345,1.3824980946409824,-0.09124959060454377,0.023761636112664658,-0.01867608018124648,LaFever,3.3187990081414958
-9.670612791309345,1.3824980946409824,-0.09124959060454377,0.023761636112664658,-0.01867608018124648,matt lafever,3.3187990081414958
-9.688902321667562,1.392270766639553,-0.09018630028774527,0.026254560517778747,-0.01800481693941578,North,3.2980812465714964
-9.688902321667562,1.392270766639553,-0.09018630028774527,0.026254560517778747,-0.01800481693941578,lafever north,3.2980812465714964
-9.700592086063123,1.3985128308773969,-0.08954772963864072,0.02780501217146006,-0.017605961004624755,Coast,3.2848411868251115
-9.700592086063123,1.3985128308773969,-0.08954772963864072,0.02780501217146006,-0.017605961004624755,north coast,3.2848411868251115
-9.711908312340336,1.40455257739072,-0.08895868411699231,0.029275780579006927,-0.017241300567804187,Con…,3.2720253803119954
-9.711908312340336,1.40455257739072,-0.08895868411699231,0.029275780579006927,-0.017241300567804187,coast con…,3.2720253803119954
-9.722873200599192,1.4104022821315898,-0.08841425533362751,0.030673872474128727,-0.016907379684651218,+2185,3.259608507765885
-9.722873200599192,1.4104022821315898,-0.08841425533362751,0.030673872474128727,-0.016907379684651218,con… +2185,3.259608507765885
-9.733506895634754,1.4160730569364128,-0.08791015200052742,0.032005448511808476,-0.01660117969711835,+2185 chars,3.2475676057912435
19.628408444513617,-14.222062711609667,0.016201550993779838,0.05604558972028517,-0.021030658628677236,Hawaii,36.513081488686595
19.461112486387485,-14.133229297996294,0.025970960560853823,0.0516545899163251,-0.020317259773669515,Kilauea,36.32363113377369
-5.568849617123845,-0.7996263478719428,-0.028103955418400144,-0.031824479820957985,0.02862589594123171,hawaii kilauea,7.964042642089992
32.610704146247826,-21.136366629485615,0.022526816489860223,0.15334517510791246,-0.06701861815688862,kilauea volcano,51.22220890239486
-0.9614175225574471,-3.2559078568507878,0.05817918796427704,-0.06690664289810425,0.031732282151428925,spewing,13.184790721501633
-6.039723435335197,-0.5486503680916694,-0.017422555122421652,-0.031779904156260155,0.027453053785182067,volcano spewing,7.430485772640679
17.839978702533354,-13.29697000649944,0.2659074005879573,-0.04164307301747608,-0.01033918690883328,lava,34.49891102282511
-0.8604507627708067,-3.3239755328083906,0.20355970075746077,-0.11437104788545305,0.033737421081465054,spewing lava,13.305482756311786
4.636518291475465,-6.239974914931691,0.08753945651223763,-0.059353463387305495,0.023398457397952065,once,19.528238480167172
-4.70522781167898,-1.2635086431756704,0.09782146309074023,-0.07531591086927832,0.031440394383560236,lava once,8.94393315964585
10.12339451031816,-9.162250517494892,0.0795285747546019,-0.027919663535092315,0.00953400267006501,again,25.744843941103447
4.422722349930854,-6.124273752370158,0.05737671785187399,-0.05048022402452965,0.023418505837495378,once again,19.285234877784042
-4.694005360388501,-1.2655924056736443,-0.004602061969713722,-0.04340346938024686,0.03044375997772907,One,8.955095550312562
-7.5411289402058514,0.25121590302623353,-0.008764855355690264,-0.018008787118851552,0.02104084354476704,again one,5.729518112392791
-3.6313849317067444,-1.8317693936420967,-0.019247259380664475,-0.04205779280193511,0.0313584860028196,world,10.159096523857402
-3.6313849317067444,-1.8317693936420967,-0.019247259380664475,-0.04205779280193511,0.0313584860028196,the world,10.159096523857402
-2.190966553858889,-2.599167875323689,-0.014175696000013498,-0.04495734663534122,0.03158933048823667,most,11.791088882870886
-2.190966553858889,-2.599167875323689,-0.014175696000013498,-0.04495734663534122,0.03158933048823667,world most,11.791088882870886
-0.6088361789922292,-3.442067325270958,-0.009594814285338657,-0.04506702362670088,0.030662184425858136,active,13.58367206477238
-0.6088361789922292,-3.442067325270958,-0.009594814285338657,-0.04506702362670088,0.030662184425858136,most active,13.58367206477238
5.257127905163852,-6.567075283388995,0.0020920819104303804,-0.02898044643528988,0.020851375534859908,active volcanoes,20.230007018205324
-2.4231107546688175,-2.475489858019667,-0.014927099827556165,-0.04469498069150234,0.031630708884501785,back,11.528067440061573
-2.4231107546688175,-2.475489858019667,-0.014927099827556165,-0.04469498069150234,0.031630708884501785,volcanoes back,11.528067440061573
-3.762611147414866,-1.76185816074033,-0.019763318013868235,-0.041625707608558674,0.03127313357273443,action,10.01041946881007
-3.762611147414866,-1.76185816074033,-0.019763318013868235,-0.041625707608558674,0.03127313357273443,back action,10.01041946881007
-7.521872404347964,0.2405078992602725,-0.04111784918792152,-0.008702857069857448,0.020990047133638206,HONOLULU,5.751627332931437
-7.6109611335629666,0.2879376725732521,-0.04186651609427236,-0.007157847865495476,0.020455069955660075,honolulu one,5.6507189031464495
-5.83315516104029,-0.6627617189045187,0.10178567091099257,-0.07014460970755765,0.029091929433028563,The,7.666103770727619
-5.568849617123845,-0.7996263478719428,-0.028103955418400144,-0.031824479820957985,0.02862589594123171,the kilauea,7.964042642089992
-6.077028162375449,-0.5289362453801774,-0.030981623129908778,-0.027408457130252015,0.02724845909472499,volcano hawaii,7.38833254421749
-6.84122809696373,-0.12192220100533957,-0.03592146362011051,-0.018845114737991553,0.02444476126214705,Volcanoes,6.522621000986905
-6.84122809696373,-0.12192220100533957,-0.03592146362011051,-0.018845114737991553,0.02444476126214705,hawaii volcanoes,6.522621000986905
-7.462948768102392,0.20925599623253843,-0.035395293482923154,-0.011240354920098783,0.02135766224758755,National,5.818299857195372
-7.462948768102392,0.20925599623253843,-0.035395293482923154,-0.011240354920098783,0.02135766224758755,volcanoes national,5.818299857195372
-7.752509582965794,0.36380766586294655,-0.0008548487392206912,-0.01707965731635394,0.0197632174494414,Park,5.49004339344563
-7.752509582965794,0.36380766586294655,-0.0008548487392206912,-0.01707965731635394,0.0197632174494414,national park,5.49004339344563
-7.890440560113312,0.4362943407916302,0.0495643723533731,-0.029903230782771836,0.019121080931938074,park spewing,5.334125744992884
-8.429480854221003,0.7240394006991062,0.02659521100994144,-0.012320444131413658,0.01466960828155544,again the,4.723283627946521
-8.504945421987749,0.7643968203875966,0.01595426910773252,-0.007447322097815526,0.0139253072095262,seventh,4.6377534580217255
-8.504945421987749,0.7643968203875966,0.01595426910773252,-0.007447322097815526,0.0139253072095262,the seventh,4.6377534580217255
-8.631830193565532,0.8320635455034973,0.0008876368606947087,9.974292226863635e-06,0.012639583335753747,recorded,4.494027403418537
-8.631830193565532,0.8320635455034973,0.0008876368606947087,9.974292226863635e-06,0.012639583335753747,seventh recorded,4.494027403418537
-8.748674143517288,0.8942426341215457,-0.0104866656870818,0.0062733693444129435,0.011406395665006785,episode,4.361732314616225
-8.748674143517288,0.8942426341215457,-0.0104866656870818,0.0062733693444129435,0.011406395665006785,recorded episode,4.361732314616225
-8.866607453145399,0.9569246076685902,-0.020102617404092176,0.012198958859273024,0.010103192747921819,recent,4.228236690476183
-8.866607453145399,0.9569246076685902,-0.020102617404092176,0.012198958859273024,0.010103192747921819,episode recent,4.228236690476183
-8.965265954103838,1.0093243242013987,-0.027018796999558507,0.016956876497946693,0.00896098526609309,+1028,4.116575484136928
-8.965265954103838,1.0093243242013987,-0.027018796999558507,0.016956876497946693,0.00896098526609309,recent +1028,4.116575484136928
-9.012872842244438,1.0346006198506585,-0.030052297002096696,0.019210351030260114,0.00839119111542564,+1028 char+s,4.06269806074828
-5.356802305488816,-0.9125825013141169,-0.026983819812158343,-0.033414861646533636,0.02910449662622479,When,8.20427384734694
-2.190966553858889,-2.599167875323689,-0.014175696000013498,-0.04495734663534122,0.03158933048823667,when volcano,11.791088882870886
-5.568849617123845,-0.7996263478719428,-0.028103955418400144,-0.031824479820957985,0.02862589594123171,creates,7.964042642089992
-5.568849617123845,-0.7996263478719428,-0.028103955418400144,-0.031824479820957985,0.02862589594123171,volcano creates,7.964042642089992
-6.566336356259827,-0.2680894498751667,0.003489063185555126,-0.03351236762881131,0.02581400624925465,golden,6.833813746741973
-6.566336356259827,-0.2680894498751667,0.003489063185555126,-0.03351236762881131,0.02581400624925465,creates golden,6.833813746741973
-6.819812941824289,-0.1382853999180771,0.11787950536015682,-0.06616488188977285,0.025729886015370327,golden lava,6.548801692592953
-5.94869530085546,-0.5972961822075469,0.016069054015362207,-0.04264844408102211,0.027972065010166847,called,7.53359728098783
-7.8834924180093005,0.4335737581145138,-0.0027445016185497287,-0.014319363536633642,0.01886814262206625,Pele,5.3416719462348645
-7.8834924180093005,0.4335737581145138,-0.0027445016185497287,-0.014319363536633642,0.01886814262206625,called pele,5.3416719462348645
-6.496713298422689,-0.30514803632442344,-0.0064665782019354846,-0.031172536722857455,0.026007171017644843,Hair,6.912701460706588
-8.092515928603978,0.5448563852257031,-0.01403299643440491,-0.00719717278028259,0.01728871106604602,pele hai+r,5.104947232774104
-6.644084844458836,-0.22664417963677153,-0.010850745153817875,-0.02841211146312521,0.02541296773101494,hai+r and,6.745757334707123
-6.863437477403247,-0.10982064302510786,-0.016663962051304004,-0.024351510421483757,0.024462903568519448,actually,6.497283385822672
-8.3991373369132,0.707964880561982,-0.02739026496102204,0.0029399286273593395,0.014716724868417873,and actually,4.757751656112853
-7.088639456247005,0.010096555037828026,-0.021804579612628806,-0.0202036752592865,0.023396956402215993,rare,6.242193785510324
-7.088639456247005,0.010096555037828026,-0.021804579612628806,-0.0202036752592865,0.023396956402215993,actually rar+e,6.242193785510324
-7.177402925596056,0.05735690437862129,-0.023674000174687442,-0.018546966228869227,0.0229488612189853,type,6.141652755218511
-7.177402925596056,0.05735690437862129,-0.023674000174687442,-0.018546966228869227,0.0229488612189853,rar+e typ+e,6.141652755218511
-7.305628558367837,0.12562347494614334,-0.02624750982897312,-0.01611811011278476,0.02227142262470545,volcanic,5.996416108010751
-7.305628558367837,0.12562347494614334,-0.02624750982897312,-0.01611811011278476,0.02227142262470545,typ+e volcanic,5.996416108010751
-7.433240968592683,0.19355831043675487,-0.02868201424640784,-0.013647495969426174,0.02155971180380575,rock,5.8518770849620605
-7.433240968592683,0.19355831043675487,-0.02868201424640784,-0.013647495969426174,0.02155971180380575,volcanic rock,5.8518770849620605
-8.895046238067563,0.9715582705969705,-0.04392406110369506,0.019857810537024373,0.00973146353591408,Its,4.196325353433099
-8.930206654620752,0.9902390506011485,-0.0449377809148469,0.021124402650978702,0.009331044523704167,its called,4.156524289504254
-8.987349913707343,1.020596932423704,-0.046552214415651355,0.023209797368009794,0.008665095868937225,Peles,4.091840391464552
-8.987349913707343,1.020596932423704,-0.046552214415651355,0.023209797368009794,0.008665095868937225,called peles,4.091840391464552
-9.032411420096635,1.044534105315953,-0.04779842289905019,0.024879414913222514,0.008126247126489385,peles hai+r,4.040833834867064
-9.094189024370118,1.077347829101394,-0.04947165888665097,0.027207266674049768,0.007367073327729602,and its,3.9709077085721223
-9.119672157279334,1.0908822967796923,-0.05015083463957405,0.02818138324693578,0.007046805195716294,its actually,3.942063997795636
-10.261416338759531,1.581829822361636,0.5929826639826399,-0.11744020128761,-0.01151901154250786,Fisch,2.7023968690536098
-10.02275987024851,1.3754929666514428,0.7705826248426535,-0.19425371753100462,-0.002926435654682001,Roslit,3.0093291891195504
-10.38957008357033,1.6890015536662966,0.4835764118280945,-0.0720397871331566,-0.01630581181520694,fisch roslit,2.5393213374294787
-10.413463423420895,1.7085135547916508,0.46189760527777834,-0.06322564552450258,-0.01720580301731308,Bay,2.509140728045419
-10.413463423420895,1.7085135547916508,0.46189760527777834,-0.06322564552450258,-0.01720580301731308,roslit bay,2.509140728045419
-10.496015283521933,1.7744047822556543,0.38356376640891093,-0.031891744198193225,-0.020319716119495186,Timer,2.4055896709769398
-10.422837219929457,1.7161192407791452,0.45327468165732354,-0.05973678359175117,-0.017559221686985475,bay timer,2.497323725454095
-10.505495121062031,1.7817974697645125,0.37420967864387134,-0.028204643431685827,-0.020676882744202173,Guide,2.3937809006064503
-10.505495121062031,1.7817974697645125,0.37420967864387134,-0.028204643431685827,-0.020676882744202173,timer guide,2.3937809006064503
-10.512035313026368,1.7868743043238076,0.36771129595239294,-0.025650097757917198,-0.020923144888381283,What,2.3856450653522003
-10.512035313026368,1.7868743043238076,0.36771129595239294,-0.025650097757917198,-0.020923144888381283,guide what,2.3856450653522003
-10.512952218075487,1.7875844944219976,0.36679729760728574,-0.02529125655241464,-0.02095765877382972,Going,2.3845051971250157
-10.512952218075487,1.7875844944219976,0.36679729760728574,-0.02529125655241464,-0.02095765877382972,what going,2.3845051971250157
-10.507725810697027,1.7835312246361443,0.37199739393091036,-0.027334345766024726,-0.020760891218560694,With,2.391004946137603
-10.507725810697027,1.7835312246361443,0.37199739393091036,-0.027334345766024726,-0.020760891218560694,going with,2.391004946137603
-10.463289167573548,1.7485922334737642,0.415275655947853,-0.04447870430391593,-0.019085420961486806,with roslit,2.4464939746218635
-10.486894471128748,1.7672552522483995,0.39249160446473363,-0.035421770135244876,-0.019975878552714342,roslit volcano,2.416968669312146
-10.593824326893344,1.8485510654153576,0.2832115297813229,0.007045704539083472,-0.023984518817998866,Only,2.28475964655485
-10.557604217621142,1.821676680301677,0.3213874522014192,-0.00760535563541237,-0.022634002292024842,fools,2.32922874846801
-10.557604217621142,1.821676680301677,0.3213874522014192,-0.00760535563541237,-0.022634002292024842,only fools,2.32922874846801
-10.488602078338673,1.7685964872703623,0.39082545806217855,-0.034762173937782845,-0.020040264764608913,fall,2.4148370054525463
-10.488602078338673,1.7685964872703623,0.39082545806217855,-0.034762173937782845,-0.020040264764608913,fools fall,2.4148370054525463
-10.22796290900775,1.553308992246391,0.6197849469531282,-0.12879091510121532,-0.01028569852349659,fall lava,2.7452266378632544
-10.51626538431849,1.7901474763181133,0.36348854971806793,-0.02399316369975736,-0.021082348015480708,post,2.3803879036372386
-10.51626538431849,1.7901474763181133,0.36348854971806793,-0.02399316369975736,-0.021082348015480708,the post,2.3803879036372386
-10.56592664800326,1.8279172691127927,0.3127243291199958,-0.004263143998300703,-0.02294520627814798,post fisch,2.3189798973630795
-10.73509284562441,1.9447903410370535,0.121718967143846,0.06678716589659425,-0.02909033401281543,appeared,2.115371374351731
-10.742602227544687,1.9494422286045108,0.11253104592403752,0.07007611480981385,-0.029350857107220567,first,2.1065862001491475
-10.742602227544687,1.9494422286045108,0.11253104592403752,0.07007611480981385,-0.029350857107220567,appeared first,2.1065862001491475
-10.749155144960012,1.9534570218811877,0.10446068810083847,0.07295517956620645,-0.029577004351268525,Droid,2.0989410166541895
-10.749155144960012,1.9534570218811877,0.10446068810083847,0.07295517956620645,-0.029577004351268525,first droid,2.0989410166541895
-10.753087751713734,1.9558461131691462,0.09959368970596978,0.07468701043289486,-0.029712171166199237,Gamers,2.0943624856141074
-10.753087751713734,1.9558461131691462,0.09959368970596978,0.07468701043289486,-0.029712171166199237,droid gamers,2.0943624856141074
-10.631028340009474,1.8753255825024766,0.2426841364805365,0.022379727852382042,-0.025358742680419925,you,2.239475020584891
-10.763241230071047,1.961942551833313,0.08694484325647385,0.07917220110228304,-0.03005917337784513,you been,2.082575212681142
-10.765702705238681,1.9634046313760818,0.0838603260974025,0.08026251570661871,-0.03014285365457966,sailing,2.079725140585156
-10.765702705238681,1.9634046313760818,0.0838603260974025,0.08026251570661871,-0.03014285365457966,been sailing,2.079725140585156
-10.769375249553905,1.9655743781330623,0.07924499514062283,0.08189142698560123,-0.030267375604653778,sailing around,2.0754783175849907
-10.772350113501505,1.9673215815417304,0.07549482319883681,0.0832127726337529,-0.030367947935655636,around the,2.0720431526056307
-10.77396027712166,1.9682633705414512,0.07346066768843668,0.08392865934876897,-0.030422272091155785,isles,2.0701856848290263
-10.77396027712166,1.9682633705414512,0.07346066768843668,0.08392865934876897,-0.030422272091155785,the isle+s,2.0701856848290263
-10.777368795738981,1.9702479258026484,0.06914450063565968,0.08544572050154758,-0.03053700848698753,isle+s fisch,2.066257942028519
-10.779491640731585,1.9714776313067075,0.06644941115933374,0.08639166140389715,-0.030608285598088807,lately,2.0638146850007693
-10.779491640731585,1.9714776313067075,0.06644941115933374,0.08639166140389715,-0.030608285598088807,fisch lately,2.0638146850007693
-10.759552194867824,1.959739657690304,0.09155438394224143,0.07754031200071468,-0.02993343422279362,lately you,2.086852140517099
-10.783110239820935,1.9735625643980221,0.06184302088577671,0.08800606107354492,-0.03072945876450995,might,2.059655201718038
-10.783110239820935,1.9735625643980221,0.06184302088577671,0.08800606107354492,-0.03072945876450995,you might,2.059655201718038
-10.78495026212724,1.9746172682230934,0.059494734197452576,0.08882790700810717,-0.030790914737374254,notice,2.0575427208529593
-10.78495026212724,1.9746172682230934,0.059494734197452576,0.08882790700810717,-0.030790914737374254,might notice,2.0575427208529593
-10.78698993098155,1.975782073853964,0.05688692860179123,0.08973966269911776,-0.03085891171913007,something,2.055203074884399
-10.78698993098155,1.975782073853964,0.05688692860179123,0.08973966269911776,-0.03085891171913007,notice something,2.055203074884399
-10.789722615884365,1.977335453493644,0.05338526911944822,0.09096241649686956,-0.030949800273400586,rather,2.0520718793359802
-10.789722615884365,1.977335453493644,0.05338526911944822,0.09096241649686956,-0.030949800273400586,something rather,2.0520718793359802
-10.791520726988136,1.9783530597738874,0.05107628702765236,0.09176774516824449,-0.031009471464613657,strange,2.0500136780512443
-10.791520726988136,1.9783530597738874,0.05107628702765236,0.09176774516824449,-0.031009471464613657,rather strang+e,2.0500136780512443
-10.79347098490872,1.9794526898166167,0.048567538997308785,0.0926418916295148,-0.031074070586382722,strang+e about,2.0477832458488794
-10.794866059778265,1.9802366685144994,0.04677015192189527,0.09326762329322583,-0.03112020221058493,about one,2.046188988211083
-10.7979178722001,1.9819440118299574,0.04283007393289595,0.09463769597797794,-0.03122088900267942,islands,2.0427050606385233
-10.7979178722001,1.9819440118299574,0.04283007393289595,0.09463769597797794,-0.03122088900267942,the island+s,2.0427050606385233
-10.800331232991695,1.9832866807330103,0.03970630671289367,0.09572235061636278,-0.03130028677202704,ominous,2.039953515458613
-10.801847666925571,1.984126939121896,0.03773988064840604,0.0964044360309993,-0.03135007358258427,countdown,2.03822618911733
-10.801847666925571,1.984126939121896,0.03773988064840604,0.0964044360309993,-0.03135007358258427,ominou+s countdown,2.03822618911733
-10.80434190576851,1.9855032473259686,0.0344994226520003,0.09752724271801735,-0.03143178903039919,what,2.035387784626233
-10.805187474756869,1.9859681963910774,0.033399162763739075,0.09790814000276593,-0.031459441752063354,does,2.0344263093186146
-10.805187474756869,1.9859681963910774,0.033399162763739075,0.09790814000276593,-0.031459441752063354,what do+es,2.0344263093186146
-10.806010912713342,1.9864201792832423,0.03232686375594946,0.09827919233842516,-0.031486346459561394,do+es the,2.0334903742717976
-10.806654372137038,1.9867728238218767,0.03148836206823896,0.09856922913140517,-0.03150735389362618,the fisch,2.0327592647340507
-10.809248230558822,1.988189475109308,0.02810314717073374,0.09973915710139161,-0.03159188757837949,timer,2.0298143872922836
-10.810113206498434,1.9886601347404653,0.026972450947117064,0.10012956279744697,-0.03162002342784958,mean,2.0288331824199086
-10.810113206498434,1.9886601347404653,0.026972450947117064,0.10012956279744697,-0.03162002342784958,timer mean,2.0288331824199086
-10.810953839324736,1.9891167055009606,0.025872699793853413,0.10050910983005801,-0.03164734156206816,Let,2.027879988955915
-10.811905310356899,1.989632470478035,0.024626902552721996,0.10093885315205986,-0.03167823070994439,+1621,2.026801589650184
-10.811905310356899,1.989632470478035,0.024626902552721996,0.10093885315205986,-0.03167823070994439,let +1621,2.026801589650184
-10.812696970955194,1.990060791497525,0.023589506529606365,0.10129653954155593,-0.03170390656159725,+1621 chars,2.0259047040182496
6.960341427683147,-7.475322004552952,0.040506942314629826,-0.03283749533482007,0.017316416679277337,shooting,22.160149672635843
-7.715004502655202,0.34335300206354935,0.03323187610935328,-0.027918329072410333,0.020207157343567317,kilauea shooting,5.5326650791695196
6.0952739259306945,-7.029894268550132,0.20343391828380297,-0.09135552236363521,0.02207347314531277,shooting lava,21.18675479128779
-3.778842717146892,-1.7552705957180312,0.06847000539955704,-0.06904150344934154,0.032135198742471435,lava again,9.992758294590029
-0.6088361789922292,-3.442067325270958,-0.009594814285338657,-0.04506702362670088,0.030662184425858136,the hawaii,13.58367206477238
5.257127905163852,-6.567075283388995,0.0020920819104303804,-0.02898044643528988,0.020851375534859908,hawaii volcano,20.230007018205324
-1.6570884382133464,-2.883598801305475,-0.0125302552660763,-0.04530404531396216,0.03139558590299355,latest,12.395980058743945
-1.6570884382133464,-2.883598801305475,-0.0125302552660763,-0.04530404531396216,0.03139558590299355,volcano latest,12.395980058743945
-3.185231298807487,-2.069460985615821,-0.017565671464283877,-0.0433000172618961,0.03156185874013173,activity,10.664583953482511
-3.185231298807487,-2.069460985615821,-0.017565671464283877,-0.0433000172618961,0.03156185874013173,latest activity,10.664583953482511
-4.507752260728159,-1.36488798848267,-0.022901327426849864,-0.038526061402052336,0.03054140759110355,on-and-off,9.166196696199217
-4.507752260728159,-1.36488798848267,-0.022901327426849864,-0.038526061402052336,0.03054140759110355,activity on-and-off,9.166196696199217
-3.185231298807487,-2.069460985615821,-0.017565671464283877,-0.0433000172618961,0.03156185874013173,on-and-off eruption,10.664583953482511
-1.000076857572262,-3.2336298812445814,-0.01064826521521326,-0.04528649309554293,0.030986351657830515,eruption kilauea,13.140387066523449
7.47518741709078,-7.74863652970342,0.005195001030529682,-0.018781327014812513,0.015539306503501264,began,22.743146985675324
7.47518741709078,-7.74863652970342,0.005195001030529682,-0.018781327014812513,0.015539306503501264,volcano began,22.743146985675324
4.608297460764874,-6.221889272811701,0.025001998673016633,-0.03925039546780744,0.02258213889507173,began shooting,19.49500560807541
1.644976757715602,-4.647645284190721,0.10586911736798646,-0.07663958501648951,0.02926957560176824,into,16.139284609181505
1.644976757715602,-4.647645284190721,0.10586911736798646,-0.07663958501648951,0.02926957560176824,lava into,16.139284609181505
3.2275384112853143,-5.4865198340989885,0.031159158574088817,-0.046991195316166384,0.02548359792648715,into the,17.93062191429818
0.07348351945907439,-3.807198245274701,0.05639320644534209,-0.06465345384192384,0.030719994656838785,air,14.357343199028499
0.07348351945907439,-3.807198245274701,0.05639320644534209,-0.06465345384192384,0.030719994656838785,the air,14.357343199028499
-0.4248119146916274,-3.5412332444387338,0.045194349727594244,-0.062006748350988294,0.031106077702867274,air once,13.792556157341615
4.550596656809063,-6.190696944887058,0.000987290793878119,-0.031863937357496236,0.022400615856626747,again hawaii,19.42948153549866
2.582465210880045,-5.142224340178959,-0.002457416960882411,-0.0387471221120933,0.026268388928592637,Big,17.19951760717272
2.582465210880045,-5.142224340178959,-0.002457416960882411,-0.0387471221120933,0.026268388928592637,hawaii big,17.19951760717272
3.724881768425668,-5.750822319172862,-0.0003874085135896011,-0.034972198771122454,0.024109140356711793,Island,18.493916606592823
3.724881768425668,-5.750822319172862,-0.0003874085135896011,-0.034972198771122454,0.024109140356711793,big island,18.493916606592823
-6.660627915348381,-0.21785183860087853,-0.015226553823267631,-0.02692932802697802,0.02531868223038361,Originally,6.72703676483236
-6.901582826547172,-0.0895286627813281,-0.019966539264068606,-0.022938004449512467,0.02427464448352448,Published,6.45409110037287
-6.901582826547172,-0.0895286627813281,-0.019966539264068606,-0.022938004449512467,0.02427464448352448,originally published,6.45409110037287
-7.103440908608724,0.017958395672092564,-0.023709461926428137,-0.019455214632236817,0.023314294062101122,February,6.225441378385488
-7.103440908608724,0.017958395672092564,-0.023709461926428137,-0.019455214632236817,0.023314294062101122,published february,6.225441378385488
-7.304692798490775,0.1251097886618937,-0.027270295988418642,-0.015826783874148168,0.022270925163321416,february 2025,5.997485969619154
-9.053732510930804,1.055859420942753,-0.04838034220064253,0.025677586330546204,0.007866949826448616,6:27,4.016700217820455
-9.053732510930804,1.055859420942753,-0.04838034220064253,0.025677586330546204,0.007866949826448616,2025 6:27,4.016700217820455
-7.511308369802912,0.2351034214663894,-0.030780532908713444,-0.01190865390711593,0.02110150134181812,EST,5.763463509138128
-9.107071901193738,1.0841901987851699,-0.049815783974597926,0.02769868044645224,0.007205691960624677,6:27 est,3.956325857509762
-7.669827161183717,0.31914204807920976,0.03850491309437074,-0.030237220698537792,0.02053194935886853,kilauea spewing,5.583897629706643
-9.053732510930804,1.055859420942753,-0.04838034220064253,0.025677586330546204,0.007866949826448616,6:00,4.016700217820455
-9.053732510930804,1.055859420942753,-0.04838034220064253,0.025677586330546204,0.007866949826448616,2025 6:00,4.016700217820455
-9.107071901193738,1.0841901987851699,-0.049815783974597926,0.02769868044645224,0.007205691960624677,6:00 est,3.956325857509762
